reaction	linear_coefficient
rxn02200_c	0.34067937085824695
rxn07841_c	0.34067937085824695
rxn07842_c	0.34067937085824695
rxn02201_c	0.34067937085824695
rxn00836_c	0.34617371475157444
rxn00915_c	0.34617371475157444
rxn00938_c	0.5769359455854804
rxn00345_c	0.5769359455854804
rxn00390_c	0.5769359455854804
rxn00376_c	0.5769359455854804
rxn02230_c	0.6923170458105872
rxn02229_c	0.6923170458105872
rxn00423_c	0.6923170458105872
rxn00364_c	0.4395774697870638
rxn00707_c	0.4395774697870638
rxn01219_c	0.4395774697870638
rxn03933_c	0.4395774697870638
rxn03408_c	0.4395774697870638
peptidoglycan_rxn	0.4395774697870638
rxn00141_c	0.6923170458105872
rxn02177_c	0.6923170458105872
rxn05736_c	1.0
rxn00988_c	1.0
rxn00947_c	1.0
rxn09450_c	1.0
rxn09449_c	1.0
rxn09448_c	1.0
rxn01452_c	0.06046810575177885
rxn03861_c	0.06046810575177885
rxn00022_c	1.0
rxn00575_c	1.0
rxn00974_c	1.0
rxn00973_c	1.0
rxn01388_c	1.0
rxn04031_c	1.0
rxn00346_c	1.0
rxn00194_c	1.0
rxn00405_c	1.0
rxn01231_c	1.0
rxn00322_c	1.0
rxn05456_c	0.20881523895315784
rxn05383_c	0.20881523895315784
rxn05358_c	0.20881523895315784
rxn05452_c	0.20881523895315784
rxn05459_c	0.20881523895315784
rxn05465_c	0.20881523895315784
rxn05451_c	0.20881523895315784
rxn05457_c	0.20881523895315784
rxn05458_c	0.20881523895315784
rxn05455_c	0.20881523895315784
rxn05454_c	0.20881523895315784
rxn05408_c	0.20881523895315784
rxn05453_c	0.20881523895315784
rxn10288_c	1.0
rxn10274_c	1.0
rxn10275_c	1.0
rxn10284_c	1.0
rxn10273_c	1.0
rxn10281_c	1.0
rxn10278_c	1.0
rxn10287_c	1.0
rxn10271_c	1.0
rxn10283_c	1.0
rxn10286_c	1.0
rxn10285_c	1.0
rxn10282_c	1.0
rxn10277_c	1.0
rxn10276_c	1.0
rxn10280_c	1.0
rxn10272_c	1.0
rxn10279_c	1.0
rxn02107_c	0.3022189939886472
rxn03915_c	0.3022189939886472
rxn03365_c	0.3022189939886472
rxn05126_c	0.3022189939886472
rxn04727_c	0.3022189939886472
rxn04270_c	0.3022189939886472
rxn02687_c	0.3022189939886472
rxn03366_c	0.3022189939886472
rxn07876_c	0.3022189939886472
rxn03618_c	0.3022189939886472
rxn00532_c	0.3022189939886472
rxn01643_c	0.3022189939886472
rxn04723_c	0.3022189939886472
rxn05127_c	0.3022189939886472
rxn04271_c	0.3022189939886472
rxn03921_c	0.3022189939886472
rxn04737_c	0.3022189939886472
rxn07885_c	0.3022189939886472
rxn04658_c	0.3022189939886472
rxn04744_c	0.3022189939886472
rxn01851_c	0.3022189939886472
rxn07875_c	0.3022189939886472
rxn05417_c	0.10442282651470607
rxn05425_c	0.10442282651470607
rxn05404_c	0.10442282651470607
rxn05367_c	0.10442282651470607
rxn05429_c	0.10442282651470607
rxn05460_c	0.10442282651470607
rxn05349_c	0.10442282651470607
rxn05413_c	0.10442282651470607
rxn05421_c	0.10442282651470607
rxn05345_c	0.10442282651470607
rxn05400_c	0.10442282651470607
rxn05375_c	0.10442282651470607
rxn05350_c	0.10442282651470607
rxn05363_c	0.10442282651470607
rxn05347_c	0.10442282651470607
rxn05396_c	0.10442282651470607
rxn05346_c	0.10442282651470607
rxn05359_c	0.10442282651470607
rxn05379_c	0.10442282651470607
rxn05344_c	0.10442282651470607
rxn05384_c	0.10442282651470607
rxn05371_c	0.10442282651470607
rxn05348_c	0.10442282651470607
rxn05409_c	0.10442282651470607
rxn05392_c	0.10442282651470607
rxn05388_c	0.10442282651470607
rxn05343_c	0.10442282651470607
rxn01548_c	0.6923170458105872
rxn01859_c	0.6923170458105872
rxn01799_c	0.6923170458105872
rxn01138_c	0.6923170458105872
rxn01649_c	0.6923170458105872
rxn01985_c	0.6923170458105872
rxn01646_c	0.6923170458105872
rxn01446_c	0.6923170458105872
rxn01647_c	0.6923170458105872
rxn01358_c	0.6923170458105872
rxn12639_c	0.02200772888217909
rxn12636_c	0.02200772888217909
rxn12638_c	0.02200772888217909
rxn12633_c	0.02200772888217909
rxn12640_c	0.02200772888217909
rxn12637_c	0.02200772888217909
rxn12642_c	0.02200772888217909
rxn00650_c	0.02200772888217909
rxn12646_c	0.02200772888217909
rxn12634_c	0.02200772888217909
rxn12645_c	0.02200772888217909
rxn12635_c	0.02200772888217909
rxn12644_c	0.02200772888217909
rxn12643_c	0.02200772888217909
rxn12641_c	0.02200772888217909
rxn30239_c	0.0494794179651239
rxn12847_c	0.0494794179651239
rxn12846_c	0.0494794179651239
rxn30242_c	0.0494794179651239
rxn30246_c	0.0494794179651239
rxn08133_c	0.0494794179651239
rxn12844_c	0.0494794179651239
rxn30247_c	0.0494794179651239
rxn30245_c	0.0494794179651239
rxn30238_c	0.0494794179651239
rxn30240_c	0.0494794179651239
rxn30237_c	0.0494794179651239
rxn07466_c	0.0494794179651239
rxn30241_c	0.0494794179651239
rxn30244_c	0.0494794179651239
rxn12845_c	0.0494794179651239
rxn02168_c	0.06596244964510632
rxn00490_c	0.06596244964510632
rxn05958_c	0.3626567464315568
rxn02341_c	0.34067937085824695
rxn12512_c	0.34067937085824695
rxn09177_c	0.34067937085824695
rxn00519_c	0.34067937085824695
rxn00305_c	0.34067937085824695
rxn01018_c	0.5769359455854804
rxn00258_c	0.5769359455854804
rxn00678_c	0.5769359455854804
rxn00800_c	0.34067937085824695
rxn00539_c	0.34067937085824695
rxn00211_c	0.2967246804790123
rxn01603_c	0.4395774697870638
rxn00689_c	0.4395774697870638
rxn01210_c	0.4395774697870638
rxn00192_c	1.0
rxn01636_c	1.0
rxn01303_c	1.0
rxn01521_c	1.0
rxn00708_c	1.0
rxn02400_c	1.0
rxn00132_c	1.0
rxn01145_c	1.0
rxn01670_c	1.0
rxn00831_c	1.0
rxn01507_c	1.0
rxn01218_c	1.0
rxn00363_c	1.0
rxn01961_c	1.0
rxn00550_c	1.0
rxn00913_c	1.0
rxn01445_c	1.0
rxn01199_c	0.6923170458105872
rxn01215_c	0.2912303365856848
rxn00545_c	0.2912303365856848
rxn01343_c	0.2912303365856848
rxn06488_c	0.5769359455854804
rxn08821_c	1.0
rxn08820_c	1.0
rxn08819_c	1.0
rxn08844_c	1.0
rxn08843_c	1.0
rxn08842_c	1.0
rxn08849_c	1.0
rxn08818_c	1.0
rxn08840_c	1.0
rxn08817_c	1.0
rxn08822_c	1.0
rxn08845_c	1.0
rxn08839_c	1.0
rxn08823_c	1.0
rxn08850_c	1.0
rxn08847_c	1.0
rxn08848_c	1.0
rxn08841_c	1.0
rxn08838_c	1.0
rxn08846_c	1.0
rxn08851_c	1.0
rxn05183_c	0.6923170458105872
rxn02834_c	0.6923170458105872
rxn02835_c	0.6923170458105872
rxn01547_c	0.6923170458105872
rxn02320_c	0.5769359455854804
rxn00493_c	1.0
rxn01270_c	1.0
rxn00527_c	1.0
rxn02504_c	0.5769359455854804
rxn00783_c	0.5769359455854804
rxn04082_c	1.0
rxn08352_c	0.4560605014670462
rxn08756_c	0.4560605014670462
rxn04996_c	0.4560605014670462
rxn04113_c	0.4560605014670462
rxn08168_c	1.0
rxn01600_c	1.0
rxn04068_c	0.19782658155019545
rxn02796_c	0.19782658155019545
rxn02015_c	0.19782658155019545
rxn02795_c	0.19782658155019545
rxn03095_c	0.19782658155019545
rxn03094_c	0.19782658155019545
rxn10259_c	0.4395774697870638
rxn09110_c	0.4395774697870638
rxn10261_c	0.4395774697870638
rxn09112_c	0.4395774697870638
rxn10263_c	0.4395774697870638
rxn09109_c	0.4395774697870638
rxn09111_c	0.4395774697870638
rxn10260_c	0.4395774697870638
rxn09108_c	0.4395774697870638
rxn10262_c	0.4395774697870638
rxn10264_c	0.4395774697870638
rxn09113_c	0.4395774697870638
rxn09114_c	0.4395774697870638
rxn10222_c	0.34617371475157444
rxn08310_c	0.34617371475157444
rxn02405_c	0.34617371475157444
rxn10225_c	0.34617371475157444
rxn08306_c	0.34617371475157444
rxn08312_c	0.34617371475157444
rxn10223_c	0.34617371475157444
rxn08311_c	0.34617371475157444
rxn08309_c	0.34617371475157444
rxn08308_c	0.34617371475157444
rxn10221_c	0.34617371475157444
rxn10220_c	0.34617371475157444
rxn08307_c	0.34617371475157444
rxn10224_c	0.34617371475157444
rxn06759_c	0.6923170458105872
rxn01213_c	0.6923170458105872
rxn01466_c	0.6923170458105872
rxn03185_c	0.6923170458105872
rxn06750_c	0.6923170458105872
rxn03463_c	0.6923170458105872
rxn06728_c	0.6923170458105872
rxn06735_c	0.6923170458105872
rxn05287_c	0.5769359455854804
rxn03892_c	0.5769359455854804
rxn01486_c	0.5769359455854804
rxn03891_c	0.5769359455854804
rxn00898_c	1.0
rxn03437_c	1.0
rxn05040_c	0.2143095828464853
rxn00300_c	0.2143095828464853
rxn02090_c	0.2143095828464853
rxn03030_c	0.2143095828464853
rxn05234_c	0.19782658155019545
rxn05236_c	0.19782658155019545
rxn05235_c	0.19782658155019545
rxn05232_c	0.19782658155019545
rxn02988_c	1.0
rxn00143_c	0.3626567464315568
rxn00165_c	0.5769359455854804
rxn01517_c	0.4395774697870638
rxn05814_c	0.4395774697870638
rxn00119_c	0.06046810575177885
rxn01509_c	0.4395774697870638
rxn00239_c	0.4395774697870638
rxn09562_c	0.4395774697870638
rxn30262_c	0.1318945155976509
rxn18658_c	0.1318945155976509
rxn05538_c	0.1318945155976509
rxn30276_c	0.1318945155976509
rxn05543_c	0.1318945155976509
rxn05545_c	0.1318945155976509
rxn12851_c	0.1318945155976509
rxn30268_c	0.1318945155976509
rxn05537_c	0.1318945155976509
rxn05544_c	0.1318945155976509
rxn05535_c	0.1318945155976509
rxn09189_c	0.1318945155976509
rxn05542_c	0.1318945155976509
rxn30259_c	0.1318945155976509
rxn05533_c	0.1318945155976509
rxn05541_c	0.1318945155976509
rxn12849_c	0.1318945155976509
rxn05546_c	0.1318945155976509
rxn30274_c	0.1318945155976509
rxn05536_c	0.1318945155976509
rxn12848_c	0.1318945155976509
rxn30278_c	0.1318945155976509
rxn12850_c	0.1318945155976509
rxn05540_c	0.1318945155976509
rxn05534_c	0.1318945155976509
rxn30266_c	0.1318945155976509
rxn30280_c	0.1318945155976509
rxn30270_c	0.1318945155976509
rxn05539_c	0.1318945155976509
rxn05547_c	0.1318945155976509
rxn30264_c	0.1318945155976509
rxn03873_c	0.4395774697870638
rxn01895_c	0.4395774697870638
rxn11610_c	0.4395774697870638
rxn03667_c	0.4395774697870638
rxn07622_c	0.4395774697870638
rxn07609_c	0.4395774697870638
rxn06905_c	0.4395774697870638
rxn03666_c	0.4395774697870638
rxn07346_c	0.4395774697870638
rxn04238_c	0.4395774697870638
rxn12147_c	0.4395774697870638
rxn03665_c	0.4395774697870638
rxn04604_c	0.4395774697870638
rxn03486_c	0.4395774697870638
rxn00001_c	0.2692529610123749
rxn07879_c	0.2692529610123749
rxn01322_c	0.2692529610123749
rxn01331_c	0.02200772888217909
rxn00781_c	0.02200772888217909
rxn00710_c	0.6923170458105872
rxn10324_c	1.0
rxn10321_c	1.0
rxn10323_c	1.0
rxn10317_c	1.0
rxn10316_c	1.0
rxn10322_c	1.0
rxn10191_c	0.4560605014670462
rxn03075_c	1.0
rxn01114_c	1.0
rxn02305_c	0.6923170458105872
rxn00470_c	1.0
rxn00313_c	1.0
rxn04954_c	0.4560605014670462
rxn00910_c	0.4560605014670462
rxn10254_c	0.5769359455854804
rxn10257_c	0.5769359455854804
rxn08297_c	0.5769359455854804
rxn08299_c	0.5769359455854804
rxn08296_c	0.5769359455854804
rxn10255_c	0.5769359455854804
rxn10258_c	0.5769359455854804
rxn10253_c	0.5769359455854804
rxn08295_c	0.5769359455854804
rxn08298_c	0.5769359455854804
rxn10256_c	0.5769359455854804
rxn08294_c	0.5769359455854804
rxn08300_c	0.5769359455854804
rxn05647_c	0.4395774697870638
rxn02005_c	0.184060338124315
rxn05655_c	0.184060338124315
rxn05485_c	0.184060338124315
rxn46837_c	0.184060338124315
rxn05569_c	0.184060338124315
rxn01522_c	0.6923170458105872
rxn01682_c	0.3626567464315568
rxn00029_c	0.3626567464315568
rxn01964_c	0.3626567464315568
rxn00474_c	0.3626567464315568
rxn01241_c	0.34617371475157444
rxn00908_c	0.20881523895315784
rxn06377_c	0.5769359455854804
rxn00337_c	0.5769359455854804
rxn01917_c	1.0
rxn02804_c	1.0
rxn03243_c	1.0
rxn00676_c	1.0
rxn06510_c	1.0
rxn02680_c	1.0
rxn03248_c	1.0
rxn00055_c	1.0
rxn05733_c	1.0
rxn00649_c	1.0
rxn00416_c	1.0
rxn08669_c	1.0
rxn00758_c	1.0
rxn01073_c	1.0
rxn00902_c	1.0
rxn00256_c	1.0
rxn06672_c	0.15387186078726822
rxn02155_c	0.3626567464315568
rxn01479_c	0.4560605014670462
rxn02961_c	0.4560605014670462
rxn00105_c	0.3626567464315568
rxn01739_c	1.0
rxn01269_c	0.6923170458105872
rxn01268_c	0.6923170458105872
rxn00641_c	0.3626567464315568
rxn00193_c	0.5769359455854804
rxn01974_c	0.5769359455854804
rxn00303_c	0.3626567464315568
rxn00242_c	0.5769359455854804
rxn00569_c	0.13738885949097837
rxn00568_c	0.13738885949097837
rxn08971_c	0.07145679353843379
rxn08976_c	0.07145679353843379
rxn08975_c	0.07145679353843379
rxn01635_c	0.2692529610123749
rxn02474_c	0.2692529610123749
rxn04384_c	0.6923170458105872
rxn05054_c	0.6923170458105872
rxn01135_c	0.6923170458105872
rxn00060_c	0.5769359455854804
rxn00985_c	0.19233223765686797
rxn00225_c	0.19233223765686797
rxn00780_c	1.0
rxn01102_c	0.4560605014670462
rxn00148_c	0.10991717040803355
rxn01807_c	0.4560605014670462
rxn01396_c	0.4560605014670462
rxn00124_c	0.4560605014670462
rxn08647_c	0.4560605014670462
rxn00134_c	1.0
rxn00100_c	1.0
rxn08025_c	0.3626567464315568
rxn09992_c	0.3626567464315568
rxn06394_c	0.4395774697870638
rxn03465_c	0.4395774697870638
rxn03467_c	0.4395774697870638
rxn06752_c	0.4395774697870638
rxn09978_c	0.4395774697870638
rxn09979_c	0.4395774697870638
rxn06760_c	0.4395774697870638
rxn02821_c	0.4395774697870638
rxn00789_c	0.6923170458105872
rxn10175_c	0.4560605014670462
rxn09655_c	0.4560605014670462
rxn05560_c	0.4560605014670462
rxn09658_c	0.4560605014670462
rxn05158_c	1.0
rxn05298_c	0.1428831730006133
rxn02975_c	1.0
rxn00292_c	1.0
rxn00297_c	1.0
rxn05005_c	0.5769359455854804
rxn02264_c	0.5769359455854804
rxn05006_c	0.5769359455854804
rxn03904_c	0.2967246804790123
rxn03903_c	0.2967246804790123
rxn07261_c	0.2967246804790123
rxn07100_c	0.2967246804790123
rxn10052_c	0.06046810575177885
rxn00097_c	0.06046810575177885
rxn01127_c	0.06046810575177885
rxn04779_c	0.3626567464315568
rxn04780_c	0.3626567464315568
rxn01217_c	0.3626567464315568
rxn04781_c	0.3626567464315568
rxn02212_c	1.0
rxn00695_c	0.4560605014670462
rxn07670_c	0.4560605014670462
rxn07734_c	0.4560605014670462
rxn07721_c	0.4560605014670462
rxn07720_c	0.4560605014670462
rxn04937_c	0.4560605014670462
rxn03638_c	0.4560605014670462
rxn07672_c	0.4560605014670462
rxn07673_c	0.4560605014670462
rxn00686_c	1.0
rxn01602_c	1.0
rxn00655_c	1.0
rxn00692_c	1.0
rxn02489_c	0.6923170458105872
rxn01492_c	0.6923170458105872
rxn02262_c	0.6923170458105872
rxn00802_c	0.6923170458105872
rxn02182_c	0.6923170458105872
rxn02160_c	0.5769359455854804
rxn01345_c	0.5769359455854804
rxn00926_c	0.5769359455854804
rxn08884_c	0.6923170458105872
rxn10862_c	0.6923170458105872
rxn01800_c	0.4395774697870638
rxn01368_c	0.4395774697870638
rxn11749_c	0.4395774697870638
rxn08521_c	0.4395774697870638
rxn00907_c	0.4395774697870638
rxn00171_c	0.00552472758588923
rxn14054_c	0.00552472758588923
rxn11809_c	0.00552472758588923
rxn05871_c	0.00552472758588923
rxn11834_c	0.00552472758588923
rxn04736_c	0.00552472758588923
rxn12191_c	0.00552472758588923
rxn03282_c	0.00552472758588923
rxn03333_c	0.00552472758588923
rxn04726_c	0.00552472758588923
rxn11838_c	0.00552472758588923
rxn14089_c	0.00552472758588923
rxn04908_c	0.00552472758588923
rxn10770_c	0.00552472758588923
rxn05872_c	0.00552472758588923
rxn01530_c	0.00552472758588923
rxn00763_c	0.00552472758588923
rxn03958_c	0.4560605014670462
rxn03841_c	0.5769359455854804
rxn00259_c	0.5769359455854804
rxn00178_c	0.03299641666883404
rxn01362_c	0.2967246804790123
rxn11759_c	0.4560605014670462
rxn00790_c	0.4560605014670462
rxn03167_c	0.4395774697870638
rxn00549_c	0.2912303365856848
rxn01286_c	0.6923170458105872
rxn05735_c	0.6923170458105872
rxn02853_c	0.6923170458105872
rxn00653_c	0.6923170458105872
rxn01459_c	0.6923170458105872
rxn00506_c	0.6923170458105872
rxn05734_c	0.6923170458105872
rxn00340_c	0.34067937085824695
rxn00077_c	0.5769359455854804
rxn10060_c	0.5769359455854804
rxn05617_c	0.14837751689394074
rxn00612_c	0.34067937085824695
rxn00611_c	0.34067937085824695
rxn12405_c	1.0
rxn02159_c	0.6923170458105872
rxn00859_c	0.6923170458105872
rxn00863_c	0.6923170458105872
rxn01132_c	0.4560605014670462
rxn01966_c	0.4560605014670462
rxn02792_c	0.5769359455854804
rxn02791_c	0.5769359455854804
rxn00350_c	0.5769359455854804
rxn00559_c	0.4560605014670462
rxn01292_c	0.4560605014670462
rxn01977_c	0.22529827063314023
rxn01044_c	0.22529827063314023
rxn00558_c	0.22529827063314023
rxn00223_c	0.22529827063314023
rxn02380_c	0.22529827063314023
rxn08792_c	0.4395774697870638
rxn00499_c	0.4395774697870638
rxn08793_c	0.4395774697870638
rxn00741_c	0.4395774697870638
rxn02228_c	0.4395774697870638
rxn00145_c	0.4395774697870638
rxn10131_c	0.4560605014670462
rxn05172_c	0.28573599269235733
rxn01157_c	0.5769359455854804
rxn00952_c	0.4560605014670462
rxn05957_c	0.4560605014670462
rxn06078_c	0.4560605014670462
rxn01844_c	0.4395774697870638
rxn02762_c	0.4395774697870638
rxn02521_c	0.4395774697870638
rxn02522_c	0.4395774697870638
rxn03483_c	0.4395774697870638
rxn05938_c	0.011019071479216703
rxn11584_c	0.6923170458105872
rxn03837_c	0.6923170458105872
rxn02900_c	0.6923170458105872
rxn03721_c	0.6923170458105872
rxn00537_c	0.6923170458105872
rxn00422_c	0.6923170458105872
rxn00272_c	0.6923170458105872
rxn34423_c	0.4560605014670462
rxn14293_c	0.4395774697870638
rxn05607_c	0.6923170458105872
rxn05226_c	0.6923170458105872
rxn03848_c	0.6923170458105872
rxn03849_c	0.6923170458105872
rxn01265_c	0.34067937085824695
rxn00012_c	0.34067937085824695
rxn01281_c	1.0
rxn01280_c	1.0
rxn09320_c	0.2912303365856848
rxn00711_c	0.2912303365856848
rxn01465_c	0.34067937085824695
rxn04453_c	0.34067937085824695
rxn05145_c	0.5769359455854804
rxn01301_c	0.6923170458105872
rxn00214_c	0.3626567464315568
rxn02737_c	0.3626567464315568
rxn00295_c	0.3626567464315568
rxn06937_c	0.3626567464315568
rxn06436_c	0.3626567464315568
rxn01637_c	1.0
rxn06517_c	0.6923170458105872
rxn00566_c	0.6923170458105872
rxn00950_c	0.6923170458105872
rxn14138_c	0.5769359455854804
rxn02639_c	0.5769359455854804
rxn00461_c	0.5769359455854804
rxn03762_c	0.5769359455854804
rxn00122_c	0.34067937085824695
rxn01671_c	0.34067937085824695
rxn30210_c	0.34067937085824695
rxn00392_c	0.34067937085824695
rxn00747_c	0.08244545094139617
rxn00786_c	0.0494794179651239
rxn01870_c	0.0494794179651239
rxn01334_c	0.0494794179651239
rxn06673_c	0.181343549870213
rxn02175_c	0.6923170458105872
rxn03884_c	0.6923170458105872
rxn04385_c	0.6923170458105872
rxn00500_c	0.16486054857392315
rxn00146_c	0.16486054857392315
rxn08783_c	0.16486054857392315
rxn03537_c	0.3626567464315568
rxn03536_c	0.3626567464315568
rxn04413_c	0.3626567464315568
rxn01653_c	1.0
rxn02009_c	1.0
rxn00555_c	0.184060338124315
rxn03080_c	0.2307926145264677
rxn03644_c	0.5769359455854804
rxn00147_c	1.0
rxn01986_c	0.34617371475157444
rxn01505_c	0.34617371475157444
rxn00737_c	0.22529827063314023
rxn00213_c	0.4560605014670462
rxn01740_c	1.0
rxn00772_c	0.6923170458105872
rxn04043_c	0.6923170458105872
rxn01987_c	0.6923170458105872
rxn00139_c	0.4560605014670462
rxn03910_c	0.6923170458105872
rxn02362_c	0.6923170458105872
rxn03540_c	0.5769359455854804
rxn03175_c	0.4560605014670462
rxn01023_c	0.2143095828464853
rxn04454_c	0.5769359455854804
rxn04712_c	0.5769359455854804
rxn04794_c	0.043985104455488984
rxn00157_c	0.043985104455488984
rxn07584_c	0.4560605014670462
rxn01717_c	0.5769359455854804
rxn00182_c	0.181343549870213
rxn05567_c	0.3626567464315568
rxn01119_c	0.34067937085824695
rxn02819_c	0.6923170458105872
rxn05681_c	0.28573599269235733
rxn08615_c	0.4395774697870638
rxn00126_c	0.3022189939886472
rxn02584_c	0.4395774697870638
rxn00008_c	1.0
rxn09953_c	0.6923170458105872
rxn01871_c	1.0
rxn00404_c	0.28573599269235733
rxn01333_c	0.28573599269235733
rxn14301_c	0.28573599269235733
rxn01461_c	0.28573599269235733
rxn00704_c	0.4395774697870638
rxn02484_c	0.6923170458105872
rxn03108_c	0.6923170458105872
rxn05671_c	1.0
rxn01133_c	0.6923170458105872
rxn05555_c	0.6923170458105872
rxn01074_c	0.4395774697870638
rxn03642_c	0.34617371475157444
rxn02167_c	0.34617371475157444
rxn02171_c	0.34617371475157444
rxn01300_c	0.5769359455854804
rxn03886_c	0.6923170458105872
rxn00634_c	0.6923170458105872
rxn03908_c	1.0
rxn00181_c	0.09343413872805113
rxn01236_c	0.2143095828464853
rxn00838_c	0.2912303365856848
rxn02283_c	0.3626567464315568
rxn01641_c	0.3626567464315568
rxn00748_c	0.34067937085824695
rxn07448_c	0.34067937085824695
rxn14294_c	1.0
rxn01255_c	1.0
rxn00776_c	1.0
rxn10114_c	0.34067937085824695
rxn00690_c	0.2692529610123749
rxn05496_c	0.4395774697870638
rxn05494_c	0.4395774697870638
rxn00109_c	0.6923170458105872
rxn02339_c	0.34067937085824695
rxn00260_c	0.34067937085824695
rxn06449_c	0.22529827063314023
rxn06300_c	0.34617371475157444
rxn06443_c	0.34617371475157444
rxn06434_c	0.34067937085824695
rxn06432_c	0.34617371475157444
rxn06446_c	0.34067937085824695
rxn06448_c	0.2307926145264677
rxn06439_c	0.4560605014670462
rxn06442_c	0.16486054857392315
rxn06440_c	0.2472756158227576
rxn06444_c	0.2912303365856848
rxn06280_c	0.2692529610123749
rxn06435_c	0.3022189939886472
rxn06438_c	0.22529827063314023
rxn06936_c	0.2967246804790123
rxn06441_c	0.3022189939886472
rxn06447_c	0.34617371475157444
rxn01654_c	0.3626567464315568
rxn01951_c	0.3626567464315568
rxn02548_c	0.34067937085824695
rxn05202_c	1.0
rxn02115_c	0.4395774697870638
rxn01116_c	0.4395774697870638
rxn00187_c	0.4560605014670462
rxn00546_c	0.10442282651470607
rxn00629_c	0.10442282651470607
rxn11334_c	0.2912303365856848
rxn09657_c	1.0
rxn05527_c	0.2472756158227576
rxn05197_c	1.0
rxn10421_c	0.2912303365856848
rxn02503_c	0.2967246804790123
rxn03135_c	1.0
rxn05645_c	0.2912303365856848
R03018_c	0.2912303365856848
COG3601_c	0.2912303365856848
rxn05255_c	0.2912303365856848
rxn03136_c	0.34617371475157444
rxn02937_c	0.34617371475157444
rxn09345_c	0.28573599269235733
rxn03843_c	0.28573599269235733
rxn00606_c	0.03849076056216151
rxn13022_c	1.0
rxn03062_c	1.0
rxn00735_c	1.0
rxn01208_c	1.0
rxn05170_c	1.0
rxn02402_c	0.3626567464315568
rxn10184_c	0.6923170458105872
rxn29571_c	1.0
rxn12619_c	1.0
rxn05486_c	1.0
rxn01652_c	0.3022189939886472
rxn03004_c	0.3022189939886472
rxn03005_c	0.3022189939886472
rxn14090_c	0.4560605014670462
rxn01607_c	0.6923170458105872
rxn00547_c	0.6923170458105872
rxn14287_c	0.5769359455854804
R01174_3_c	0.5769359455854804
rxn00871_c	0.5769359455854804
rxn14300_c	0.5769359455854804
R01174_1_c	0.5769359455854804
R01174_5_c	0.5769359455854804
R01174_2_c	0.5769359455854804
rxn00669_c	0.5769359455854804
R01174_4_c	0.5769359455854804
rxn01404_c	0.6923170458105872
rxn03489_c	0.3626567464315568
rxn02131_c	0.34617371475157444
rxn00151_c	0.2967246804790123
rxn06023_c	0.2967246804790123
rxn05919_c	0.5769359455854804
rxn01304_c	0.5769359455854804
rxn01639_c	0.4395774697870638
rxn00905_c	0.4395774697870638
rxn01106_c	0.05497376185845137
rxn00931_c	0.2472756158227576
rxn00929_c	0.2472756158227576
rxn00504_c	0.3022189939886472
rxn00314_c	0.2472756158227576
rxn00420_c	0.4560605014670462
rxn02418_c	0.4560605014670462
rxn00410_c	0.5769359455854804
rxn00412_c	0.5769359455854804
rxn01434_c	0.5769359455854804
rxn00787_c	0.4560605014670462
rxn01537_c	0.28573599269235733
rxn00552_c	0.28573599269235733
rxn00775_c	0.2912303365856848
rxn00505_c	0.5769359455854804
rxn10168_c	1.0
rxn02094_c	0.6923170458105872
rxn05610_c	0.6923170458105872
rxn02421_c	1.0
rxn03907_c	1.0
rxn12212_c	0.07695113743176127
rxn10042_c	0.07695113743176127
rxn02895_c	0.4560605014670462
rxn00469_c	0.4560605014670462
rxn00189_c	0.4560605014670462
rxn01648_c	0.6923170458105872
rxn06205_c	0.6923170458105872
rxn27328_c	0.6923170458105872
rxn01366_c	0.6923170458105872
rxn04045_c	0.4395774697870638
rxn09996_c	0.4395774697870638
rxn00048_c	0.28573599269235733
rxn06075_c	0.6923170458105872
rxn05233_c	0.6923170458105872
rxn05231_c	0.6923170458105872
rxn06076_c	0.6923170458105872
rxn07454_c	0.34617371475157444
rxn00348_c	0.5769359455854804
rxn05160_c	0.6923170458105872
rxn05644_c	0.6923170458105872
rxn05549_c	0.6923170458105872
rxn00615_c	0.6923170458105872
rxn01225_c	0.5769359455854804
rxn01834_c	0.5769359455854804
rxn07449_c	0.5769359455854804
rxn00714_c	0.2912303365856848
rxn01201_c	0.19782658155019545
rxn00440_c	0.2692529610123749
rxn01506_c	0.5769359455854804
rxn12510_c	0.3626567464315568
rxn08655_c	0.0989284826213786
rxn08657_c	0.0989284826213786
rxn08656_c	0.0989284826213786
rxn00414_c	0.4560605014670462
rxn00011_c	1.0
rxn03194_c	1.0
rxn02185_c	1.0
rxn01069_c	0.5769359455854804
rxn03446_c	0.5769359455854804
rxn00607_c	0.6923170458105872
rxn02604_c	0.6923170458105872
rxn00784_c	0.5769359455854804
rxn00542_c	0.5769359455854804
rxn02285_c	0.4395774697870638
rxn05663_c	0.4395774697870638
rxn03538_c	0.34067937085824695
rxn06060_c	0.28573599269235733
rxn00459_c	0.016513384988851614
rxn04032_c	0.6923170458105872
rxn02190_c	0.6923170458105872
rxn01626_c	0.6923170458105872
rxn00770_c	0.15936620468059567
rxn05902_c	1.0
rxn05209_c	0.4395774697870638
R06782_c	0.027502072775506564
rxn00933_c	0.027502072775506564
rxn05059_c	0.4395774697870638
rxn10474_c	1.0
rxn05616_c	1.0
rxn10473_c	1.0
rxn00186_c	1.0
rxn00858_c	1.0
rxn00992_c	1.0
rxn00161_c	0.5769359455854804
rxn05551_c	0.4395774697870638
rxn01257_c	0.6923170458105872
rxn03002_c	1.0
rxn00980_c	1.0
rxn01329_c	0.3626567464315568
rxn01216_c	0.3626567464315568
rxn02213_c	0.6923170458105872
rxn10183_c	1.0
rxn07493_c	1.0
rxn00834_c	0.19782658155019545
rxn13713_c	0.34617371475157444
rxn03641_c	0.34617371475157444
rxn05313_c	0.34067937085824695
rxn01905_c	1.0
rxn01332_c	0.21980392673981278
rxn01200_c	0.181343549870213
rxn00785_c	0.181343549870213
rxn00693_c	0.5769359455854804
rxn03909_c	0.5769359455854804
rxn01101_c	0.4560605014670462
rxn06094_c	1.0
rxn00355_c	0.5769359455854804
rxn03084_c	0.2967246804790123
rxn05201_c	0.4395774697870638
rxn01790_c	1.0
rxn01485_c	0.2912303365856848
rxn02897_c	0.28573599269235733
rxn01406_c	1.0
rxn01068_c	0.3626567464315568
rxn00541_c	0.34067937085824695
rxn02473_c	0.6923170458105872
rxn20606_c	3.038369256175607e-05
rxn01710_c	1.0
rxn02235_c	1.0
rxn05223_c	0.6923170458105872
rxn00085_c	0.5769359455854804
rxn02008_c	0.2912303365856848
rxn05740_c	0.34617371475157444
rxn01858_c	1.0
rxn01137_c	1.0
rxn08040_c	0.4395774697870638
rxn03901_c	0.5769359455854804
rxn00342_c	0.3626567464315568
rxn00138_c	0.34067937085824695
rxn09296_c	0.08793979483472365
rxn10169_c	1.0
rxn02465_c	1.0
rxn01791_c	1.0
rxn00002_c	0.4395774697870638
rxn01519_c	1.0
rxn00127_c	1.0
rxn01513_c	1.0
rxn01019_c	1.0
rxn05518_c	0.3626567464315568
rxn05289_c	0.1318945155976509
rxn00799_c	0.6923170458105872
rxn09310_c	1.0
rxn05619_c	0.4395774697870638
rxn10343_c	0.2692529610123749
rxn10481_c	0.2692529610123749
rxn10344_c	0.2692529610123749
rxn05516_c	0.2692529610123749
rxn05528_c	0.2692529610123749
rxn01021_c	0.12640017170432338
rxn01297_c	0.12640017170432338
rxn06493_c	0.12640017170432338
rxn03482_c	0.12640017170432338
rxn08809_c	0.12640017170432338
rxn03174_c	0.12640017170432338
rxn08799_c	0.12640017170432338
rxn03419_c	0.12640017170432338
rxn05219_c	0.12640017170432338
rxn02314_c	0.12640017170432338
rxn03421_c	0.12640017170432338
rxn08815_c	0.12640017170432338
rxn00299_c	0.12640017170432338
rxn01000_c	0.12640017170432338
rxn01100_c	0.12640017170432338
rxn01211_c	0.12640017170432338
rxn01967_c	0.12640017170432338
rxn03147_c	0.12640017170432338
rxn02811_c	0.12640017170432338
rxn01544_c	0.12640017170432338
rxn03481_c	0.12640017170432338
rxn00832_c	0.12640017170432338
rxn00543_c	0.12640017170432338
rxn00283_c	0.12640017170432338
rxn02475_c	0.12640017170432338
rxn02789_c	0.12640017170432338
rxn05594_c	0.12640017170432338
rxn01302_c	0.12640017170432338
rxn00328_c	0.12640017170432338
rxn03856_c	0.12640017170432338
rxn03137_c	0.12640017170432338
rxn05599_c	0.12640017170432338
rxn00874_c	0.12640017170432338
rxn06600_c	0.12640017170432338
rxn08808_c	0.12640017170432338
rxn00912_c	0.12640017170432338
rxn00608_c	0.12640017170432338
rxn00778_c	0.12640017170432338
rxn00302_c	0.12640017170432338
rxn08797_c	0.12640017170432338
rxn00293_c	0.12640017170432338
EX_cpd01030_e	0.12640017170432338
EX_cpd00276_e	0.12640017170432338
EX_cpd00082_e	0.12640017170432338
EX_cpd00080_e	0.12640017170432338
EX_cpd00001_e	0.12640017170432338
EX_cpd00023_e	0.12640017170432338
EX_cpd00971_e	0.12640017170432338
EX_cpd00314_e	0.12640017170432338
EX_cpd00797_e	0.12640017170432338
EX_cpd00051_e	0.12640017170432338
EX_cpd00064_e	0.12640017170432338
EX_cpd10515_e	0.12640017170432338
EX_cpd00179_e	0.12640017170432338
EX_cpd00009_e	0.12640017170432338
EX_cpd00060_e	0.12640017170432338
EX_cpd00076_e	0.12640017170432338
EX_cpd01171_e	0.12640017170432338
EX_cpd00067_e	0.12640017170432338
EX_cpd00154_e	0.12640017170432338
EX_cpd00637_e	0.12640017170432338
EX_cpd00122_e	0.12640017170432338
EX_cpd00035_e	0.12640017170432338
EX_cpd00309_e	0.12640017170432338
EX_cpd00220_e	0.12640017170432338
EX_cpd00588_e	0.12640017170432338
EX_cpd00117_e	0.12640017170432338
EX_cpd00307_e	0.12640017170432338
EX_cpd00254_e	0.12640017170432338
EX_cpd00205_e	0.12640017170432338
EX_cpd00138_e	0.12640017170432338
EX_cpd00305_e	0.12640017170432338
EX_cpd01242_e	0.12640017170432338
EX_cpd03048_e	0.12640017170432338
EX_cpd00065_e	0.12640017170432338
EX_cpd00149_e	0.12640017170432338
EX_cpd00099_e	0.12640017170432338
EX_cpd00162_e	0.12640017170432338
EX_cpd00395_e	0.12640017170432338
EX_cpd00027_e	0.12640017170432338
EX_cpd00794_e	0.12640017170432338
EX_cpd00105_e	0.12640017170432338
EX_cpd00226_e	0.12640017170432338
EX_cpd00104_e	0.12640017170432338
EX_cpd00007_e	0.12640017170432338
EX_cpd00092_e	0.12640017170432338
EX_cpd00208_e	0.12640017170432338
EX_cpd00158_e	0.12640017170432338
EX_cpd00011_e	0.12640017170432338
EX_cpd00063_e	0.12640017170432338
EX_cpd01080_e	0.12640017170432338
EX_cpd00156_e	0.12640017170432338
EX_cpd00039_e	0.12640017170432338
EX_cpd00393_e	0.12640017170432338
EX_cpd00264_e	0.12640017170432338
EX_cpd00322_e	0.12640017170432338
EX_cpd00030_e	0.12640017170432338
EX_cpd00516_e	0.12640017170432338
rxn05669_c	0.12640017170432338
rxn05244_c	0.12640017170432338
EX_cpd00084_e	0.12640017170432338
rxn05237_c	0.12640017170432338
EX_cpd00644_e	0.12640017170432338
EX_cpd00263_e	0.12640017170432338
EX_cpd00232_e	0.12640017170432338
EX_cpd00492_e	0.12640017170432338
rxn01484_c	0.12640017170432338
EX_cpd00751_e	0.12640017170432338
rxn01620_c	0.12640017170432338
EX_cpd05161_e	0.12640017170432338
rxn18524_c	0.12640017170432338
ID010_c	0.12640017170432338
EX_cpd00107_e	0.12640017170432338
rxn05243_c	0.12640017170432338
EX_cpd00069_e	0.12640017170432338
rxn18579_c	0.12640017170432338
EX_cpd00066_e	0.12640017170432338
rxn18584_c	0.12640017170432338
EX_cpd00129_e	0.12640017170432338
rxn05165_c	0.12640017170432338
EX_cpd00567_e	0.12640017170432338
ENOG4108HXH_c	0.12640017170432338
EX_cpd29317_e	0.12640017170432338
rxn05165_2_c	0.12640017170432338
EX_cpd00033_e	0.12640017170432338
rxn32054_c	0.12640017170432338
rxn05164_c	0.12640017170432338
EX_cpd00119_e	0.12640017170432338
rxn10144_c	0.12640017170432338
EX_cpd00132_e	0.12640017170432338
rxn10883_c	0.12640017170432338
EX_cpd00054_e	0.12640017170432338
rxn05169_c	0.12640017170432338
EX_cpd00161_e	0.12640017170432338
rxn05155_c	0.12640017170432338
EX_cpd00053_e	0.12640017170432338
rxn05151_c	0.12640017170432338
rxn34357_c	0.12640017170432338
EX_cpd00041_e	0.12640017170432338
rxn14152_c	0.12640017170432338
rxn00804_c	0.12640017170432338
ID001_c	0.12640017170432338
EX_cpd05178_e	0.12640017170432338
R01214_c	0.12640017170432338
rxn10618_c	0.12640017170432338
ID002_c	0.12640017170432338
EX_cpd01711_e	0.12640017170432338
rxn01575_c	0.12640017170432338
ID003_c	0.12640017170432338
EX_cpd19585_e	0.12640017170432338
rxn10563_c	0.12640017170432338
ID004_c	0.12640017170432338
EX_cpd00489_e	0.12640017170432338
rxn05061_c	0.12640017170432338
ID005_c	0.12640017170432338
EX_cpd01042_e	0.12640017170432338
rxn21134_c	0.12640017170432338
rxn10562_c	0.12640017170432338
rxn11336_c	0.12640017170432338
EX_cpd00430_e	0.12640017170432338
rxn12566_c	0.12640017170432338
EX_cpd00339_e	0.12640017170432338
rxn11676_c	0.12640017170432338
K20025_c	0.12640017170432338
R11076_c	0.12640017170432338
ID006_c	0.12640017170432338
EX_C21399_e	0.12640017170432338
rxn01610_c	0.12640017170432338
ID007_c	0.12640017170432338
EX_cpd03343_e	0.12640017170432338
rxn07124_c	0.12640017170432338
ID008_c	0.12640017170432338
EX_cpd03170_e	0.12640017170432338
EX_cpd00036_e	0.12640017170432338
EX_cpd00211_e	0.12640017170432338
rxn09271_c	0.12640017170432338
rxn25164_c	0.12640017170432338
rxn16140_c	0.12640017170432338
rxn16586_c	0.12640017170432338
ID009_c	0.12640017170432338
EX_cpd00029_e	0.12640017170432338
rxn08061_c	0.12640017170432338
rxn30338_c	0.12640017170432338
EX_cpd00159_e	0.12640017170432338
EX_cpd00221_e	0.12640017170432338
rxn05602_c	0.12640017170432338
rxn10171_c	0.12640017170432338
rxn00602_c	0.12640017170432338
rxn09172_c	0.12640017170432338
EX_cpd00141_e	0.12640017170432338
rxn03141_c	0.12640017170432338
teichoicacid_rxn	0.12640017170432338
cellwall_rxn	0.12640017170432338
lipid_rxn	0.12640017170432338
cofactor_rxn	0.12640017170432338
biomass	0.12640017170432338
SK_cpd11416_c	0.12640017170432338
rxn08686_c	0.12640017170432338
rxn09031_c	0.12640017170432338
rxn05467_c	0.12640017170432338
rxn08186_c	0.12640017170432338
rxn08952_c	0.12640017170432338
rxn10161_c	0.12640017170432338
rxn05175_c	0.12640017170432338
rxn08304_c	0.12640017170432338
EX_cpd00013_e	0.12640017170432338
rxn05466_c	0.12640017170432338
EX_cpd00242_e	0.12640017170432338
rxn10826_c	0.12640017170432338
EX_cpd00133_e	0.12640017170432338
EX_cpd00443_e	0.12640017170432338
rxn01182_c	0.12640017170432338
rxn02269_c	0.12640017170432338
rxn09142_c	0.12640017170432338
rxn00530_c	0.12640017170432338
rxn09145_c	0.12640017170432338
rxn13139_c	0.12640017170432338
rxn00341_c	0.12640017170432338
rxn00620_c	0.12640017170432338
rxn01105_c	0.12640017170432338
rxn02476_c	0.12640017170432338
rxn00777_c	0.12640017170432338
rxn01014_c	0.12640017170432338
rxn01359_c	0.12640017170432338
rxn00970_c	0.12640017170432338
rxn05227_c	0.12640017170432338
rxn05293_c	0.12640017170432338
rxn12676_c	0.12640017170432338
rxn09341_c	0.12640017170432338
rxn13914_c	0.12640017170432338
rxn09147_c	0.12640017170432338
rxn10030_c	0.12640017170432338
rxn13012_c	0.12640017170432338
rxn12239_c	0.12640017170432338
rxn09119_c	0.12640017170432338
rxn02928_c	0.12640017170432338
rxn01953_c	0.12640017170432338
rxn00605_c	0.12640017170432338
rxn02011_c	0.12640017170432338
rxn00579_c	0.12640017170432338
rxn01644_c	0.12640017170432338
rxn10663_c	0.12640017170432338
rxn09429_c	0.12640017170432338
rxn09126_c	0.12640017170432338
rxn01520_c	0.12640017170432338
rxn13140_c	0.12640017170432338
rxn05039_c	0.12640017170432338
rxn09065_c	0.12640017170432338
rxn10484_c	0.12640017170432338
rxn03164_c	0.12640017170432338
rxn10840_c	0.12640017170432338
rxn05291_c	0.12640017170432338
rxn03852_c	0.12640017170432338
rxn10036_c	0.12640017170432338
rxn01256_c	0.12640017170432338
rxn00553_c	0.12640017170432338
rxn08131_c	0.12640017170432338
rxn09063_c	0.12640017170432338
rxn09124_c	0.12640017170432338
rxn00958_c	0.12640017170432338
rxn00010_c	0.12640017170432338
rxn10053_c	0.12640017170432338
rxn09348_c	0.12640017170432338
rxn01669_c	0.12640017170432338
rxn05744_c	0.12640017170432338
rxn02286_c	0.12640017170432338
rxn01538_c	0.12640017170432338
rxn09163_c	0.12640017170432338
rxn13251_c	0.12640017170432338
rxn00285_c	0.12640017170432338
R11462_c	0.12640017170432338
EX_cpd00210_e	0.12640017170432338
rxn01539_c	0.12640017170432338
rxn06437_c	0.12640017170432338
rxn06445_c	0.12640017170432338
protein_rxn	0.12640017170432338
EX_cpd11592_e	0.12640017170432338
EX_cpd11590_e	0.12640017170432338
EX_cpd11588_e	0.12640017170432338
EX_cpd11586_e	0.12640017170432338
EX_cpd11582_e	0.12640017170432338
EX_cpd11581_e	0.12640017170432338
EX_cpd15551_e	0.12640017170432338
EX_cpd15603_e	0.12640017170432338
EX_cpd15604_e	0.12640017170432338
EX_cpd15605_e	0.12640017170432338
EX_cpd15606_e	0.12640017170432338
EX_cpd29695_e	0.12640017170432338
EX_cpd29694_e	0.12640017170432338
EX_cpd29697_e	0.12640017170432338
EX_cpd29698_e	0.12640017170432338
EX_cpd29696_e	0.12640017170432338
EX_cpd29699_e	0.12640017170432338
EX_cpd29693_e	0.12640017170432338
EX_cpd29690_e	0.12640017170432338
EX_cpd29691_e	0.12640017170432338
EX_cpd29700_e	0.12640017170432338
rxn05178_c	0.12640017170432338
EX_cpd00320_e	0.12640017170432338
EX_cpd02711_e	0.12640017170432338
rxn12188_c	0.12640017170432338
rxn00367_c	0.12640017170432338
rxn13150_c	0.12640017170432338
rxn05147_c	0.12640017170432338
rxn00816_c	0.12640017170432338
rxn00808_c	0.12640017170432338
EX_cpd01553_e	0.12640017170432338
rxn05472_c	0.12640017170432338
R01103_c	0.12640017170432338
EX_cpd00589_e	0.12640017170432338
EX_cpd27607_e	0.12640017170432338
rxn17713_c	0.12640017170432338
EX_cpd00731_e	0.12640017170432338
rxn05554_c	0.12640017170432338
rxn05562_c	0.12640017170432338
rxn05563_c	0.12640017170432338
EX_cpd00072_e	0.12640017170432338
EX_cpd00089_e	0.12640017170432338
EX_cpd00079_e	0.12640017170432338
rxn05162_c	0.12640017170432338
EX_cpd00108_e	0.12640017170432338
rxn12549_c	0.12640017170432338
EX_cpd00136_e	0.12640017170432338
rxn12585_c	0.12640017170432338
EX_cpd03561_e	0.12640017170432338
rxn05561_c	0.12640017170432338
EX_cpd00106_e	0.12640017170432338
rxn10960_c	0.12640017170432338
EX_cpd00142_e	0.12640017170432338
rxn10827_c	0.12640017170432338
EX_cpd00383_e	0.12640017170432338
rxn05559_c	0.12640017170432338
EX_cpd00047_e	0.12640017170432338
rxn05470_c	0.12640017170432338
EX_cpd00139_e	0.12640017170432338
rxn05564_c	0.12640017170432338
EX_cpd00281_e	0.12640017170432338
rxn05703_c	0.12640017170432338
EX_cpd00165_e	0.12640017170432338
rxn09687_c	0.12640017170432338
EX_cpd03279_e	0.12640017170432338
rxn05316_c	0.12640017170432338
EX_cpd00246_e	0.12640017170432338
rxn05204_c	0.12640017170432338
EX_cpd00311_e	0.12640017170432338
rxn05198_c	0.12640017170432338
EX_cpd00367_e	0.12640017170432338
rxn09688_c	0.12640017170432338
EX_cpd00277_e	0.12640017170432338
rxn05318_c	0.12640017170432338
EX_cpd00182_e	0.12640017170432338
rxn05205_c	0.12640017170432338
EX_cpd00654_e	0.12640017170432338
rxn09685_c	0.12640017170432338
EX_cpd00412_e	0.12640017170432338
rxn05317_c	0.12640017170432338
EX_cpd00438_e	0.12640017170432338
rxn05674_c	0.12640017170432338
EX_cpd00274_e	0.12640017170432338
rxn05672_c	0.12640017170432338
EX_cpd00186_e	0.12640017170432338
EX_cpd00424_e	0.12640017170432338
rxn10398_c	0.12640017170432338
EX_cpd00504_e	0.12640017170432338
ID011_c	0.12640017170432338
rxn05203_c	0.12640017170432338
EX_cpd00207_e	0.12640017170432338
rxn00131_c	0.12640017170432338
EX_cpd11585_e	0.12640017170432338
EX_cpd11580_e	0.12640017170432338
EX_cpd11587_e	0.12640017170432338
EX_cpd11589_e	0.12640017170432338
EX_cpd11584_e	0.12640017170432338
EX_cpd01017_e	0.12640017170432338
EX_cpd11591_e	0.12640017170432338
EX_cpd11583_e	0.12640017170432338
EX_cpd11593_e	0.12640017170432338
rxn00916_c	0.12640017170432338
rxn00116_c	0.12640017170432338
rxn01347_c	0.12640017170432338
rxn01952_c	0.12640017170432338
dna_rxn	0.12640017170432338
rna_rxn	0.12640017170432338
rxn30075_c	0.12640017170432338
EX_cpd11574_e	0.12640017170432338
EX_cpd04097_e	0.12640017170432338
EX_cpd01012_e	0.12640017170432338
EX_cpd00531_e	0.12640017170432338
EX_cpd00058_e	0.12640017170432338
