272563.8.peg.9	CD0001
272563.8.peg.10	CD0002
272563.8.peg.13	CD0005
272563.8.peg.14	CD0006
272563.8.peg.22	CD0014
272563.8.peg.24	CD0016
272563.8.peg.42	CD0033
272563.8.peg.43	CD0034
272563.8.peg.45	CD0036
272563.8.peg.46	CD0037
272563.8.peg.47	CD0038
272563.8.peg.48	CD0039
272563.8.peg.50	CD0041
272563.8.peg.51	CD0042
272563.8.peg.52	CD0043
272563.8.peg.55	CD0046
272563.8.peg.56	CD0047
272563.8.peg.57	CD0048
272563.8.peg.60	CD0051
272563.8.peg.62	CD0052
272563.8.peg.69	CD0058A
272563.8.peg.73	CD0062
272563.8.peg.74	CD0063
272563.8.peg.77	CD0066
272563.8.peg.78	CD0067
272563.8.peg.79	CD0068
272563.8.peg.80	CD0069
272563.8.peg.83	CD0072
272563.8.peg.84	CD0073
272563.8.peg.85	CD0074
272563.8.peg.86	CD0075
272563.8.peg.87	CD0076
272563.8.peg.88	CD0077
272563.8.peg.89	CD0078
272563.8.peg.90	CD0079
272563.8.peg.91	CD0080
272563.8.peg.92	CD0080A
272563.8.peg.93	CD0081
272563.8.peg.94	CD0082
272563.8.peg.95	CD0083
272563.8.peg.96	CD0084
272563.8.peg.97	CD0084A
272563.8.peg.98	CD0085
272563.8.peg.99	CD0086
272563.8.peg.100	CD0087
272563.8.peg.101	CD0088
272563.8.peg.102	CD0088A
272563.8.peg.103	CD0089
272563.8.peg.105	CD0091
272563.8.peg.106	CD0092
272563.8.peg.109	CD0094A
272563.8.peg.110	CD0095
272563.8.peg.111	CD0096
272563.8.peg.112	CD0097
272563.8.peg.113	CD0098
272563.8.peg.114	CD0099
272563.8.peg.119	CD0104
272563.8.peg.120	CD0105
272563.8.peg.121	CD0106
272563.8.peg.122	CD0107
272563.8.peg.123	CD0108
272563.8.peg.128	CD0112
272563.8.peg.129	CD0113
272563.8.peg.135	CD0119
272563.8.peg.139	CD0123
272563.8.peg.146	CD0130
272563.8.peg.151	CD0135
272563.8.peg.152	CD0136
272563.8.peg.153	CD0137
272563.8.peg.164	CD0147
272563.8.peg.194	CD0175
272563.8.peg.195	CD0176
272563.8.peg.196	CD0177
272563.8.peg.198	CD0179
272563.8.peg.202	CD0184
272563.8.peg.205	CD0187
272563.8.peg.206	CD0188
272563.8.peg.217	CD0199
272563.8.peg.224	CD0206
272563.8.peg.225	CD0207
272563.8.peg.226	CD0208
272563.8.peg.229	CD0211
272563.8.peg.237	CD0219
272563.8.peg.238	CD0220
272563.8.peg.239	CD0221
272563.8.peg.240	CD0222
272563.8.peg.241	CD0223
272563.8.peg.242	CD0224
272563.8.peg.243	CD0225
272563.8.peg.294	CD0274
272563.8.peg.295	CD0275
272563.8.peg.304	CD0284
272563.8.peg.305	CD0285
272563.8.peg.307	CD0287
272563.8.peg.308	CD0288
272563.8.peg.309	CD0289
272563.8.peg.318	CD0297
272563.8.peg.320	CD0299
272563.8.peg.321	CD0300
272563.8.peg.322	CD0301
272563.8.peg.323	CD0302
272563.8.peg.330	CD0309
272563.8.peg.348	CD0328
272563.8.peg.353	CD0333
272563.8.peg.354	CD0334
272563.8.peg.365	CD0345
272563.8.peg.408	CD0388
272563.8.peg.409	CD0389
272563.8.peg.411	CD0391
272563.8.peg.414	CD0394
272563.8.peg.423	CD0403
272563.8.peg.425	CD0405
272563.8.peg.466	CD0442
272563.8.peg.472	CD0448
272563.8.peg.473	CD0449
272563.8.peg.476	CD0452
272563.8.peg.493	CD0469
272563.8.peg.513	CD0489
272563.8.peg.514	CD0490
272563.8.peg.515	CD0491
272563.8.peg.516	CD0492
272563.8.peg.517	CD0493
272563.8.peg.518	CD0494
272563.8.peg.570	CD0544
272563.8.peg.585	CD0558
272563.8.peg.601	CD0574
272563.8.peg.610	CD0582
272563.8.peg.618	CD0589
272563.8.peg.620	CD0591
272563.8.peg.721	CD0686
272563.8.peg.722	CD0687
272563.8.peg.724	CD0689
272563.8.peg.725	CD0690
272563.8.peg.734	CD0699
272563.8.peg.735	CD0700
272563.8.peg.746	CD0711
272563.8.peg.755	CD0718
272563.8.peg.756	CD0719
272563.8.peg.757	CD0720
272563.8.peg.759	CD0722
272563.8.peg.760	CD0723
272563.8.peg.766	CD0729
272563.8.peg.770	CD0733
272563.8.peg.774	CD0737
272563.8.peg.778	CD0741
272563.8.peg.795	CD0758
272563.8.peg.796	CD0759
272563.8.peg.801	CD0764
272563.8.peg.804	CD0767
272563.8.peg.805	CD0768
272563.8.peg.818	CD0781
272563.8.peg.821	CD0784
272563.8.peg.831	CD0794
272563.8.peg.837	CD0800
272563.8.peg.838	CD0801
272563.8.peg.856	CD0818
272563.8.peg.866	CD0828
272563.8.peg.871	CD0833
272563.8.peg.872	CD0834
272563.8.peg.879	CD0841
272563.8.peg.893	CD0855
272563.8.peg.894	CD0856
272563.8.peg.901	CD0862
272563.8.peg.902	CD0863
272563.8.peg.903	CD0864
272563.8.peg.907	CD0868
272563.8.peg.911	CD0872
272563.8.peg.921	CD0882
272563.8.peg.922	CD0883
272563.8.peg.923	CD0884
272563.8.peg.924	CD0885
272563.8.peg.927	CD0888
272563.8.peg.928	CD0889
272563.8.peg.929	CD0890
272563.8.peg.930	CD0891
272563.8.peg.1023	CD0972
272563.8.peg.1034	CD0983
272563.8.peg.1040	CD0989
272563.8.peg.1041	CD0990
272563.8.peg.1042	CD0991
272563.8.peg.1043	CD0992
272563.8.peg.1045	CD0994
272563.8.peg.1046	CD0995
272563.8.peg.1052	CD1001
272563.8.peg.1054	CD1003
272563.8.peg.1055	CD1004
272563.8.peg.1056	CD1005
272563.8.peg.1062	CD1011
272563.8.peg.1085	CD1033
272563.8.peg.1086	CD1034
272563.8.peg.1087	CD1035
272563.8.peg.1088	CD1036
272563.8.peg.1099	CD1047
272563.8.peg.1101	CD1049
272563.8.peg.1109	CD1057
272563.8.peg.1110	CD1058
272563.8.peg.1111	CD1059
272563.8.peg.1124	CD1070
272563.8.peg.1128	CD1074
272563.8.peg.1130	CD1076
272563.8.peg.1131	CD1077
272563.8.peg.1132	CD1078
272563.8.peg.1137	CD1083
272563.8.peg.1175	CD1120
272563.8.peg.1176	CD1121
272563.8.peg.1186	CD1129
272563.8.peg.1191	CD1134
272563.8.peg.1211	CD1153
272563.8.peg.1219	CD1161
272563.8.peg.1221	CD1163
272563.8.peg.1224	CD1166
272563.8.peg.1231	CD1173
272563.8.peg.1233	CD1175
272563.8.peg.1235	CD1176A
272563.8.peg.1238	CD1179
272563.8.peg.1240	CD1181
272563.8.peg.1243	CD1184
272563.8.peg.1250	CD1191
272563.8.peg.1264	CD1205
272563.8.peg.1266	CD1207
272563.8.peg.1279	CD1220
272563.8.peg.1282	CD1223
272563.8.peg.1283	CD1224
272563.8.peg.1284	CD1225
272563.8.peg.1312	CD1248
272563.8.peg.1314	CD1250
272563.8.peg.1318	CD1253
272563.8.peg.1322	CD1257
272563.8.peg.1339	CD1274
272563.8.peg.1344	CD1279
272563.8.peg.1347	CD1282
272563.8.peg.1360	CD1295
272563.8.peg.1361	CD1296
272563.8.peg.1365	CD1300
272563.8.peg.1370	CD1304
272563.8.peg.1373	CD1307
272563.8.peg.1382	CD1315
272563.8.peg.1383	CD1316
272563.8.peg.1389	CD1322
272563.8.peg.1394	CD1327
272563.8.peg.1399	CD1332
272563.8.peg.1401	CD1334
272563.8.peg.1403	CD1336
272563.8.peg.1405	CD1338
272563.8.peg.1406	CD1339
272563.8.peg.1407	CD1340
272563.8.peg.1411	CD1343
272563.8.peg.1421	CD1353
272563.8.peg.1453	CD1382
272563.8.peg.1457	CD1386
272563.8.peg.1458	CD1387
272563.8.peg.1472	CD1401
272563.8.peg.1473	CD1402
272563.8.peg.1479	CD1407
272563.8.peg.1481	CD1409
272563.8.peg.1517	CD1445
272563.8.peg.1518	CD1446
272563.8.peg.1519	CD1447
272563.8.peg.1521	CD1449
272563.8.peg.1522	CD1450
272563.8.peg.1523	CD1451
272563.8.peg.1524	CD1452
272563.8.peg.1525	CD1453
272563.8.peg.1527	CD1455
272563.8.peg.1551	CD1479
272563.8.peg.1554	CD1482
272563.8.peg.1555	CD1483
272563.8.peg.1556	CD1484
272563.8.peg.1562	CD1490
272563.8.peg.1563	CD1491
272563.8.peg.1567	CD1495
272563.8.peg.1570	CD1498
272563.8.peg.1574	CD1502
272563.8.peg.1586	CD1512
272563.8.peg.1587	CD1513
272563.8.peg.1593	CD1517
272563.8.peg.1597	CD1521
272563.8.peg.1602	CD1526
272563.8.peg.1610	CD1534
272563.8.peg.1623	CD1547
272563.8.peg.1625	CD1549
272563.8.peg.1626	CD1550
272563.8.peg.1628	CD1552
272563.8.peg.1629	CD1553
272563.8.peg.1630	CD1554
272563.8.peg.1641	CD1566
272563.8.peg.1647	CD1570
272563.8.peg.1652	CD1577
272563.8.peg.1655	CD1580
272563.8.peg.1657	CD1582
272563.8.peg.1667	CD1591
272563.8.peg.1668	CD1592
272563.8.peg.1669	CD1593
272563.8.peg.1670	CD1594
272563.8.peg.1671	CD1595
272563.8.peg.1673	CD1596
272563.8.peg.1676	CD1599
272563.8.peg.1677	CD1600
272563.8.peg.1678	CD1601
272563.8.peg.1679	CD1602
272563.8.peg.1708	CD1631
272563.8.peg.1714	CD1637
272563.8.peg.1724	CD1647
272563.8.peg.1725	CD1648
272563.8.peg.1726	CD1649
272563.8.peg.1727	CD1650
272563.8.peg.1730	CD1653
272563.8.peg.1731	CD1654
272563.8.peg.1732	CD1655
272563.8.peg.1734	CD1657
272563.8.peg.1735	CD1658
272563.8.peg.1740	CD1663
272563.8.peg.1743	CD1666
272563.8.peg.1744	CD1667
272563.8.peg.1768	CD1690
272563.8.peg.1769	CD1691
272563.8.peg.1774	CD1696
272563.8.peg.1775	CD1697
272563.8.peg.1776	CD1698
272563.8.peg.1777	CD1699
272563.8.peg.1778	CD1700
272563.8.peg.1781	CD1702A
272563.8.peg.1782	CD1703
272563.8.peg.1786	CD1707
272563.8.peg.1796	CD1716
272563.8.peg.1810	CD1729
272563.8.peg.1815	CD1732
272563.8.peg.1830	CD1746
272563.8.peg.1831	CD1747
272563.8.peg.1842	CD1756
272563.8.peg.1852	CD1765
272563.8.peg.1855	CD1767
272563.8.peg.1873	CD1785
272563.8.peg.1881	CD1792
272563.8.peg.1886	CD1797
272563.8.peg.1895	CD1806
272563.8.peg.1897	CD1808
272563.8.peg.1904	CD1814
272563.8.peg.1906	CD1816
272563.8.peg.1908	CD1818
272563.8.peg.1912	CD1820
272563.8.peg.1916	CD1825
272563.8.peg.1917	CD1826
272563.8.peg.1922	CD1831
272563.8.peg.1923	CD1832
272563.8.peg.1924	CD1833
272563.8.peg.1925	CD1834
272563.8.peg.1926	CD1835
272563.8.peg.1927	CD1836
272563.8.peg.1928	CD1837
272563.8.peg.1929	CD1838
272563.8.peg.1930	CD1839
272563.8.peg.1993	CD1898
272563.8.peg.1994	CD1899
272563.8.peg.2009	CD1913
272563.8.peg.2010	CD1914
272563.8.peg.2013	CD1917
272563.8.peg.2020	CD1924
272563.8.peg.2022	CD1926
272563.8.peg.2032	CD1936
272563.8.peg.2033	CD1937
272563.8.peg.2034	CD1938
272563.8.peg.2035	CD1939
272563.8.peg.2071	CD1975
272563.8.peg.2085	CD1988
272563.8.peg.2117	CD2014
272563.8.peg.2133	CD2028
272563.8.peg.2135	CD2030
272563.8.peg.2136	CD2031
272563.8.peg.2137	CD2032
272563.8.peg.2138	CD2033
272563.8.peg.2139	CD2034
272563.8.peg.2144	CD2039
272563.8.peg.2156	CD2050
272563.8.peg.2160	CD2053
272563.8.peg.2161	CD2054
272563.8.peg.2181	CD2074
272563.8.peg.2182	CD2075
272563.8.peg.2183	CD2076
272563.8.peg.2187	CD2080
272563.8.peg.2188	CD2081
272563.8.peg.2189	CD2082
272563.8.peg.2190	CD2083
272563.8.peg.2194	CD2087
272563.8.peg.2195	CD2088
272563.8.peg.2197	CD2090
272563.8.peg.2198	CD2091
272563.8.peg.2215	CD2107
272563.8.peg.2218	CD2110
272563.8.peg.2223	CD2115
272563.8.peg.2227	CD2117
272563.8.peg.2229	CD2118
272563.8.peg.2230	CD2119
272563.8.peg.2243	CD2130
272563.8.peg.2247	CD2135
272563.8.peg.2248	CD2136
272563.8.peg.2253	CD2140
272563.8.peg.2278	CD2164
272563.8.peg.2282	CD2168
272563.8.peg.2286	CD2171
272563.8.peg.2299	CD2184
272563.8.peg.2302	CD2187
272563.8.peg.2303	CD2188
272563.8.peg.2304	CD2189
272563.8.peg.2306	CD2191
272563.8.peg.2315	CD2200
272563.8.peg.2316	CD2201
272563.8.peg.2321	CD2206
272563.8.peg.2333	CD2217
272563.8.peg.2351	CD2236
272563.8.peg.2355	CD2240
272563.8.peg.2356	CD2241
272563.8.peg.2360	CD2245
272563.8.peg.2369	CD2253
272563.8.peg.2370	CD2254
272563.8.peg.2383	CD2269
272563.8.peg.2384	CD2270
272563.8.peg.2392	CD2278
272563.8.peg.2393	CD2279
272563.8.peg.2394	CD2280
272563.8.peg.2395	CD2281
272563.8.peg.2396	CD2282
272563.8.peg.2400	CD2285
272563.8.peg.2436	CD2319
272563.8.peg.2438	CD2321
272563.8.peg.2439	CD2322
272563.8.peg.2440	CD2323
272563.8.peg.2441	CD2324
272563.8.peg.2442	CD2325
272563.8.peg.2443	CD2326
272563.8.peg.2444	CD2327
272563.8.peg.2446	CD2329
272563.8.peg.2447	CD2330
272563.8.peg.2448	CD2331
272563.8.peg.2449	CD2332
272563.8.peg.2450	CD2333
272563.8.peg.2451	CD2334
272563.8.peg.2452	CD2335
272563.8.peg.2455	CD2338
272563.8.peg.2456	CD2339
272563.8.peg.2458	CD2341
272563.8.peg.2464	CD2347
272563.8.peg.2470	CD2355
272563.8.peg.2471	CD2356
272563.8.peg.2482	CD2365
272563.8.peg.2487	CD2370
272563.8.peg.2488	CD2371
272563.8.peg.2489	CD2372
272563.8.peg.2496	CD2379
272563.8.peg.2499	CD2382
272563.8.peg.2520	CD2402
272563.8.peg.2521	CD2403
272563.8.peg.2528	CD2410
272563.8.peg.2531	CD2413
272563.8.peg.2532	CD2414
272563.8.peg.2536	CD2418
272563.8.peg.2550	CD2431
272563.8.peg.2551	CD2432
272563.8.peg.2552	CD2433
272563.8.peg.2558	CD2438
272563.8.peg.2559	CD2439
272563.8.peg.2567	CD2446a
272563.8.peg.2568	CD2447
272563.8.peg.2586	CD2464
272563.8.peg.2588	CD2466
272563.8.peg.2595	CD2473
272563.8.peg.2596	CD2474
272563.8.peg.2606	CD2484
272563.8.peg.2607	CD2485
272563.8.peg.2613	CD2491
272563.8.peg.2617	CD2496
272563.8.peg.2622	CD2500
272563.8.peg.2624	CD2502
272563.8.peg.2631	CD2509
272563.8.peg.2632	CD2510
272563.8.peg.2634	CD2512
272563.8.peg.2636	CD2514
272563.8.peg.2638	CD2516
272563.8.peg.2644	CD2521
272563.8.peg.2647	CD2524
272563.8.peg.2660	CD2537
272563.8.peg.2663	CD2540
272563.8.peg.2680	CD2558
272563.8.peg.2685	CD2562A
272563.8.peg.2693	CD2569
272563.8.peg.2697	CD2573
272563.8.peg.2698	CD2574
272563.8.peg.2699	CD2575
272563.8.peg.2708	CD2584
272563.8.peg.2709	CD2585
272563.8.peg.2710	CD2586
272563.8.peg.2711	CD2587
272563.8.peg.2713	CD2588
272563.8.peg.2715	CD2590
272563.8.peg.2716	CD2591
272563.8.peg.2719	CD2594
272563.8.peg.2720	CD2595
272563.8.peg.2721	CD2596
272563.8.peg.2733	CD2610
272563.8.peg.2734	CD2611
272563.8.peg.2736	CD2613
272563.8.peg.2741	CD2618
272563.8.peg.2754	CD2630
272563.8.peg.2775	CD2651
272563.8.peg.2777	CD2653
272563.8.peg.2778	CD2654
272563.8.peg.2790	CD2666
272563.8.peg.2791	CD2667
272563.8.peg.2793	CD2669a
272563.8.peg.2794	CD2670
272563.8.peg.2795	CD2671
272563.8.peg.2796	CD2672
272563.8.peg.2798	CD2674
272563.8.peg.2800	CD2676
272563.8.peg.2803	CD2679
272563.8.peg.2804	CD2680
272563.8.peg.2806	CD2682
272563.8.peg.2816	CD2691
272563.8.peg.2818	CD2693
272563.8.peg.2820	CD2695
272563.8.peg.2821	CD2696
272563.8.peg.2829	CD2704
272563.8.peg.2830	CD2705
272563.8.peg.2833	CD2708
272563.8.peg.2839	CD2714
272563.8.peg.2840	CD2715
272563.8.peg.2852	CD2725
272563.8.peg.2853	CD2726
272563.8.peg.2860	CD2733
272563.8.peg.2861	CD2734
272563.8.peg.2862	CD2735
272563.8.peg.2865	CD2738
272563.8.peg.2866	CD2739
272563.8.peg.2867	CD2740
272563.8.peg.2871	CD2744
272563.8.peg.2872	CD2745
272563.8.peg.2882	CD2755
272563.8.peg.2888	CD2761
272563.8.peg.2889	CD2762
272563.8.peg.2898	CD2771
272563.8.peg.2899	CD2772
272563.8.peg.2901	CD2774
272563.8.peg.2906	CD2779
272563.8.peg.2907	CD2780
272563.8.peg.2910	CD2783
272563.8.peg.2911	CD2784
272563.8.peg.2913	CD2786
272563.8.peg.2916	CD2789
272563.8.peg.2918	CD2791
272563.8.peg.2921	CD2794
272563.8.peg.2922	CD2795
272563.8.peg.2923	CD2796
272563.8.peg.2926	CD2799
272563.8.peg.2940	CD2813
272563.8.peg.2955	CD2828
272563.8.peg.2961	CD2833
272563.8.peg.2962	CD2834
272563.8.peg.2968	CD2840
272563.8.peg.2977	CD2849
272563.8.peg.2980	CD2852
272563.8.peg.2981	CD2853
272563.8.peg.2983	CD2854
272563.8.peg.2988	CD2859
272563.8.peg.2999	CD2870
272563.8.peg.3000	CD2871
272563.8.peg.3001	CD2872
272563.8.peg.3009	CD2880
272563.8.peg.3011	CD2882
272563.8.peg.3012	CD2883
272563.8.peg.3013	CD2884
272563.8.peg.3024	CD2894
272563.8.peg.3083	CD2941
272563.8.peg.3111	CD2966
272563.8.peg.3114	CD2969
272563.8.peg.3115	CD2970
272563.8.peg.3116	CD2971
272563.8.peg.3130	CD2986
272563.8.peg.3134	CD2990
272563.8.peg.3135	CD2991
272563.8.peg.3138	CD2994
272563.8.peg.3139	CD2995
272563.8.peg.3146	CD3002
272563.8.peg.3147	CD3003
272563.8.peg.3148	CD3004
272563.8.peg.3150	CD3006
272563.8.peg.3153	CD3009
272563.8.peg.3156	CD3012
272563.8.peg.3171	CD3027
272563.8.peg.3174	CD3030
272563.8.peg.3176	CD3032
272563.8.peg.3177	CD3033
272563.8.peg.3192	CD3048
272563.8.peg.3202	CD3058
272563.8.peg.3204	CD3060
272563.8.peg.3208	CD3064
272563.8.peg.3209	CD3065
272563.8.peg.3218	CD3074
272563.8.peg.3223	CD3079
272563.8.peg.3224	CD3080
272563.8.peg.3225	CD3081
272563.8.peg.3226	CD3082
272563.8.peg.3228	CD3084
272563.8.peg.3229	CD3085
272563.8.peg.3235	CD3091
272563.8.peg.3239	CD3095
272563.8.peg.3240	CD3096
272563.8.peg.3241	CD3097
272563.8.peg.3244	CD3100
272563.8.peg.3245	CD3101
272563.8.peg.3247	CD3103
272563.8.peg.3249	CD3105
272563.8.peg.3250	CD3106
272563.8.peg.3253	CD3109
272563.8.peg.3259	CD3115
272563.8.peg.3260	CD3116
272563.8.peg.3269	CD3124
272563.8.peg.3270	CD3125
272563.8.peg.3272	CD3127
272563.8.peg.3273	CD3128
272563.8.peg.3275	CD3130
272563.8.peg.3279	CD3134
272563.8.peg.3281	CD3136
272563.8.peg.3282	CD3137
272563.8.peg.3321	CD3170
272563.8.peg.3322	CD3171
272563.8.peg.3323	CD3172
272563.8.peg.3324	CD3173
272563.8.peg.3325	CD3174
272563.8.peg.3328	CD3177
272563.8.peg.3329	CD3178
272563.8.peg.3332	CD3181
272563.8.peg.3333	CD3182
272563.8.peg.3343	CD3192
272563.8.peg.3375	CD3222
272563.8.peg.3377	CD3224
272563.8.peg.3380	CD3227
272563.8.peg.3384	CD3231
272563.8.peg.3388	CD3235
272563.8.peg.3390	CD3237
272563.8.peg.3392	CD3239
272563.8.peg.3393	CD3240
272563.8.peg.3394	CD3241
272563.8.peg.3396	CD3244
272563.8.peg.3406	CD3253
272563.8.peg.3409	CD3256
272563.8.peg.3414	CD3261
272563.8.peg.3415	CD3262
272563.8.peg.3416	CD3263
272563.8.peg.3421	CD3268
272563.8.peg.3425	CD3272
272563.8.peg.3427	CD3274
272563.8.peg.3429	CD3276
272563.8.peg.3430	CD3277
272563.8.peg.3431	CD3278
272563.8.peg.3432	CD3279
272563.8.peg.3434	CD3281
272563.8.peg.3435	CD3282
272563.8.peg.3436	CD3283
272563.8.peg.3438	CD3285
272563.8.peg.3439	CD3286
272563.8.peg.3464	CD3310
272563.8.peg.3472	CD3317
272563.8.peg.3510	CD3353
272563.8.peg.3557	CD3394
272563.8.peg.3558	CD3395
272563.8.peg.3559	CD3396
272563.8.peg.3565	CD3402
272563.8.peg.3578	CD3415
272563.8.peg.3580	CD3417
272563.8.peg.3582	CD3419
272563.8.peg.3583	CD3420
272563.8.peg.3584	CD3421
272563.8.peg.3585	CD3422
272563.8.peg.3588	CD3425
272563.8.peg.3591	CD3428
272563.8.peg.3595	CD3432
272563.8.peg.3596	CD3433
272563.8.peg.3598	CD3435
272563.8.peg.3600	CD3437
272563.8.peg.3601	CD3438
272563.8.peg.3602	CD3439
272563.8.peg.3606	CD3441
272563.8.peg.3613	CD3448
272563.8.peg.3616	CD3451
272563.8.peg.3621	CD3456
272563.8.peg.3624	CD3459
272563.8.peg.3625	CD3460
272563.8.peg.3628	CD3463
272563.8.peg.3632	CD3467
272563.8.peg.3633	CD3468
272563.8.peg.3634	CD3469
272563.8.peg.3635	CD3470
272563.8.peg.3636	CD3471
272563.8.peg.3640	CD3475
272563.8.peg.3641	CD3476
272563.8.peg.3642	CD3477
272563.8.peg.3645	CD3479
272563.8.peg.3653	CD3486A
272563.8.peg.3656	CD3488
272563.8.peg.3664	CD3496
272563.8.peg.3682	CD3514
272563.8.peg.3683	CD3515
272563.8.peg.3708	CD3540
272563.8.peg.3711	CD3543
272563.8.peg.3717	CD3549
272563.8.peg.3718	CD3550
272563.8.peg.3722	CD3552
272563.8.peg.3725	CD3555
272563.8.peg.3728	CD3558
272563.8.peg.3730	CD3560
272563.8.peg.3732	CD3562
272563.8.peg.3736	CD3566
272563.8.peg.3759	CD3588
272563.8.peg.3760	CD3589
272563.8.peg.3761	CD3590
272563.8.peg.3762	CD3591
272563.8.peg.3763	CD3592
272563.8.peg.3768	CD3596
272563.8.peg.3769	CD3597
272563.8.peg.3770	CD3598
272563.8.peg.3777	CD3605
272563.8.peg.3799	CD3626
272563.8.peg.3804	CD3631
272563.8.peg.3805	CD3632
272563.8.peg.3820	CD3645
272563.8.peg.3822	CD3647
272563.8.peg.3823	CD3648
272563.8.peg.3825	CD3650
272563.8.peg.3830	CD3655
272563.8.peg.3833	CD3658
272563.8.peg.3837	CD3661A
272563.8.peg.3838	CD3662
272563.8.peg.3839	CD3663
272563.8.peg.3846	CD3670
272563.8.peg.3857	CD3679
272563.8.peg.3858	CD3680
