patric	Smooth_1	Smooth_2
645463.3.peg.1000	3.82165605095541	3.60934182590234
645463.3.peg.1001	3.66013071895425	2.81045751633987
645463.3.peg.1002	3.4994068801898	2.55041518386714
645463.3.peg.1007	202.173913043478	222.282608695652
645463.3.peg.1016	3.64517488411294	4.29835651074589
645463.3.peg.1017	5.42635658914729	5.42635658914729
645463.3.peg.102	127.927927927928	137.687687687688
645463.3.peg.103	178.982597054886	209.303882195448
645463.3.peg.1032	35.240464344942	33.3333333333333
645463.3.peg.1037	72.0430107526882	68.0107526881721
645463.3.peg.1057	34.6618357487923	36.4734299516908
645463.3.peg.1070	8.45771144278607	8.54063018242123
645463.3.peg.1077	70.4022988505747	80.926724137931
645463.3.peg.1079	249.958228905597	255.388471177945
645463.3.peg.1084	44.6808510638298	50.8105369807497
645463.3.peg.1086	55.0998948475289	61.3564668769716
645463.3.peg.1089	65.0524616626312	74.1323648103309
645463.3.peg.1096	141.339375629406	136.883182275932
645463.3.peg.1110	51.1824324324324	55.7432432432432
645463.3.peg.1112	34.6998928188639	36.8971061093248
645463.3.peg.1125	34.8230912476723	35.5679702048417
645463.3.peg.1128	50.8525149190111	49.7442455242967
645463.3.peg.1129	49.0159901599016	51.7835178351784
645463.3.peg.1130	13.9821029082774	15.6599552572707
645463.3.peg.1176	1.27610208816705	1.50812064965197
645463.3.peg.118	4.51527224435591	4.05046480743692
645463.3.peg.119	81.8143459915612	86.6244725738397
645463.3.peg.1196	2101.33000831255	2184.28927680798
645463.3.peg.1199	36.7234848484849	39.375
645463.3.peg.120	97.4277210884354	102.763605442177
645463.3.peg.1218	29.4077134986226	32.4035812672176
645463.3.peg.1223	62.8015350877193	63.7883771929825
645463.3.peg.1233	104.838709677419	95.5913978494624
645463.3.peg.1240	56.6993464052288	59.4771241830065
645463.3.peg.1245	35.6884057971015	39.4021739130435
645463.3.peg.125	1128.21350762527	1213.07189542484
645463.3.peg.1250	35.1654846335697	31.3829787234043
645463.3.peg.1252	183.886583679115	190.076071922545
645463.3.peg.1256	71.380846325167	76.1692650334076
645463.3.peg.1257	1127.36006683375	1219.17293233083
645463.3.peg.1258	50.3154574132492	46.0567823343849
645463.3.peg.126	868.333333333333	962.453703703704
645463.3.peg.1262	63.0858346498157	64.9552395997894
645463.3.peg.1272	86.8004866180049	82.6034063260341
645463.3.peg.1304	24.9178172255095	28.1393819855358
645463.3.peg.1308	6.83060109289618	6.69398907103825
645463.3.peg.1309	13.677811550152	15.2988855116515
645463.3.peg.132	88.3084577114428	105.828002842928
645463.3.peg.1323	49.685534591195	45.2830188679245
645463.3.peg.1324	4.30327868852459	3.2103825136612
645463.3.peg.1330	8.00552104899931	9.14423740510697
645463.3.peg.1332	25.6961018297534	26.7700875099443
645463.3.peg.1351	36.6666666666667	33.2432432432432
645463.3.peg.136	174.882075471698	184.630503144654
645463.3.peg.1372	20.7692307692308	22.8205128205128
645463.3.peg.1373	33.9259259259259	35.3333333333333
645463.3.peg.1374	16.8010752688172	17.4731182795699
645463.3.peg.1376	321.465968586387	327.923211169284
645463.3.peg.1377	247.94776119403	258.146766169154
645463.3.peg.1378	83.7431693989071	90.8469945355191
645463.3.peg.1379	99.6055226824458	111.63708086785
645463.3.peg.1380	132.315521628499	151.4631043257
645463.3.peg.14	263.679245283019	259.473270440252
645463.3.peg.1406	1312.7532228361	1303.06169429098
645463.3.peg.1409	19.1309987029831	19.1958495460441
645463.3.peg.1410	30.1229508196721	32.9918032786885
645463.3.peg.1411	123.333333333333	136.25
645463.3.peg.1418	13.1659056316591	11.9482496194825
645463.3.peg.1419	18.3080808080808	19.1287878787879
645463.3.peg.1421	53.9408866995074	58.128078817734
645463.3.peg.1423	180.783582089552	196.393034825871
645463.3.peg.1428	14.1666666666667	12.5757575757576
645463.3.peg.143	88.9447236180905	95.2680067001675
645463.3.peg.1441	47.9976442873969	49.8233215547703
645463.3.peg.1442	54.1062801932367	55.9782608695652
645463.3.peg.1447	21.1692597831212	20.2734559170203
645463.3.peg.1451	130.645161290323	138.792390405294
645463.3.peg.1456	88.6650868878357	96.0900473933649
645463.3.peg.1464	47.5526641883519	51.0842627013631
645463.3.peg.1466	381.243124312431	433.993399339934
645463.3.peg.1476	1.42857142857143	1.48148148148148
645463.3.peg.1478	2.04761904761905	2.42857142857143
645463.3.peg.1479	2.41796200345423	2.24525043177893
645463.3.peg.148	0.647249190938511	0.161812297734628
645463.3.peg.1481	3.25034578146611	4.21853388658368
645463.3.peg.1482	3.3596837944664	5.53359683794466
645463.3.peg.1483	3.06427503736921	1.94319880418535
645463.3.peg.149	0.611620795107034	1.68195718654434
645463.3.peg.1493	1.00401606425703	0.652610441767068
645463.3.peg.1494	0.976909413854352	0.769686204854944
645463.3.peg.150	0.674157303370787	0.299625468164794
645463.3.peg.1562	2.7060270602706	2.2140221402214
645463.3.peg.1577	134.446347031963	137.813926940639
645463.3.peg.1580	16.4203612479475	15.5582922824302
645463.3.peg.1582	9.28120063191153	9.36018957345972
645463.3.peg.1592	0.268336314847943	0.417412045319022
645463.3.peg.1593	0.65597667638484	0.947521865889213
645463.3.peg.1594	1.86915887850467	1.63551401869159
645463.3.peg.1595	2532.67326732673	2626.51265126513
645463.3.peg.1596	2165.25	2289.08333333333
645463.3.peg.1598	65.9195402298851	62.5287356321839
645463.3.peg.1601	13.4591194968553	14.1509433962264
645463.3.peg.1602	10.7097591888466	11.0266159695818
645463.3.peg.1603	11.8483412322275	12.2432859399684
645463.3.peg.1604	34.1584158415842	35.1485148514851
645463.3.peg.161	285.06600660066	273.679867986799
645463.3.peg.1633	0.283687943262411	0.425531914893617
645463.3.peg.1639	353.705712219812	391.250903832249
645463.3.peg.1649	110.377358490566	108.438155136268
645463.3.peg.1650	27.6907001044932	25.4440961337513
645463.3.peg.1651	30.952380952381	34.0608465608466
645463.3.peg.1652	16.2525879917184	15.1138716356108
645463.3.peg.1655	14.9749373433584	11.7794486215539
645463.3.peg.1656	8.10536980749747	8.05471124620061
645463.3.peg.1657	22.790294627383	23.1946851530907
645463.3.peg.1658	938.747474747475	1007.11111111111
645463.3.peg.1659	1833.53909465021	2063.30589849108
645463.3.peg.1663	5.58176100628931	6.13207547169811
645463.3.peg.1667	2.33062330623306	2.52032520325203
645463.3.peg.1668	18.3760683760684	17.7777777777778
645463.3.peg.167	84.0531561461794	92.7094868955334
645463.3.peg.168	76.1627906976744	88.5658914728682
645463.3.peg.169	66.4118246687054	69.9796126401631
645463.3.peg.1693	716.981132075472	700.157232704403
645463.3.peg.1694	1110.06825938567	1128.04323094426
645463.3.peg.1699	2.72038567493113	3.47796143250689
645463.3.peg.1700	7.68398268398268	6.38528138528139
645463.3.peg.1701	36.493374108053	36.697247706422
645463.3.peg.1702	44.4444444444444	45.4204204204204
645463.3.peg.1703	112.907608695652	115.579710144928
645463.3.peg.1706	6.92307692307692	7.43589743589744
645463.3.peg.1707	0.870646766169154	1.43034825870647
645463.3.peg.1711	0.390070921985816	0.709219858156028
645463.3.peg.1721	0.810185185185185	1.11882716049383
645463.3.peg.1733	20.7716049382716	22.9012345679012
645463.3.peg.1738	14.9452269170579	17.2143974960876
645463.3.peg.1749	0.078247261345853	0.312989045383412
645463.3.peg.1750	11.9191919191919	14.8484848484848
645463.3.peg.1761	15.4605263157895	17.4342105263158
645463.3.peg.1772	45.3993055555556	48.1770833333333
645463.3.peg.1774	2240.80629301868	2209.78367748279
645463.3.peg.1783	7.88690476190476	7.66369047619048
645463.3.peg.1792	11.375	12.625
645463.3.peg.1800	73.0929989550679	72.884012539185
645463.3.peg.1805	361.213235294118	477.542892156863
645463.3.peg.1815	4.01234567901235	5.50411522633745
645463.3.peg.1817	17.4698795180723	15.3815261044177
645463.3.peg.1824	22.3520249221184	23.0529595015576
645463.3.peg.1826	45.2380952380952	43.0875576036866
645463.3.peg.1828	39.4047619047619	40.7738095238095
645463.3.peg.1830	12.5147232037691	13.1919905771496
645463.3.peg.1834	12.7962085308057	13.3096366508689
645463.3.peg.1835	11.8967452300786	10.8305274971942
645463.3.peg.1840	13.8453500522466	11.9644723092999
645463.3.peg.1841	51.5285996055227	52.9092702169625
645463.3.peg.1842	38.2629107981221	35.4460093896714
645463.3.peg.1843	41.5525114155251	42.1232876712329
645463.3.peg.1844	42.1975992613112	44.0443213296399
645463.3.peg.1845	30.0334168755221	28.8638262322473
645463.3.peg.1846	27.4074074074074	28.0864197530864
645463.3.peg.1847	18.9138576779026	19.3820224719101
645463.3.peg.1848	14.5238095238095	12.6785714285714
645463.3.peg.190	958.759124087591	1162.04379562044
645463.3.peg.191	812.182971014493	910.552536231884
645463.3.peg.192	100.841750841751	104.335016835017
645463.3.peg.194	4298.18325434439	4600.51342812006
645463.3.peg.1947	69.0114068441065	72.9404309252218
645463.3.peg.1948	26.0485651214128	27.924944812362
645463.3.peg.1962	0	0
645463.3.peg.1963	0	0
645463.3.peg.1966	0	0
645463.3.peg.1973	0	0
645463.3.peg.1978	0	0
645463.3.peg.198	148.914223669924	159.71769815418
645463.3.peg.1988	65.7671957671958	75.1851851851852
645463.3.peg.1989	62.8070175438597	62.1637426900585
645463.3.peg.1990	100.330396475771	108.590308370044
645463.3.peg.1991	110.816777041943	124.061810154525
645463.3.peg.201	81.3675213675214	94.7008547008547
645463.3.peg.202	30.6903991370011	28.3171521035599
645463.3.peg.2027	63.7223974763407	63.4069400630915
645463.3.peg.2042	10.9601449275362	9.42028985507246
645463.3.peg.2062	4.52898550724638	4.64975845410628
645463.3.peg.2078	7.65379113018598	8.22603719599428
645463.3.peg.2080	0.733137829912023	0.684261974584555
645463.3.peg.2081	1.01010101010101	1.05218855218855
645463.3.peg.2082	0.232288037166086	0.174216027874564
645463.3.peg.2083	0.205254515599343	0.082101806239737
645463.3.peg.2084	0.338164251207729	0.289855072463768
645463.3.peg.2096	11.0181311018131	11.4365411436541
645463.3.peg.2100	52.2815158546017	53.0162412993039
645463.3.peg.2101	33.9614740368509	34.8408710217755
645463.3.peg.2106	66.966966966967	73.963963963964
645463.3.peg.2121	1.11111111111111	1.35802469135802
645463.3.peg.2127	1.39393939393939	1.09090909090909
645463.3.peg.2128	1.6025641025641	2.35042735042735
645463.3.peg.2129	1.54385964912281	2.10526315789474
645463.3.peg.213	14.3605870020964	16.2124388539483
645463.3.peg.2130	0.838803792851933	0.984682713347921
645463.3.peg.2134	1.93955796120884	2.09742895805142
645463.3.peg.2135	0.743099787685775	1.38004246284501
645463.3.peg.2137	0.542299349240781	0.578452639190166
645463.3.peg.2138	0.772626931567329	1.17733627667403
645463.3.peg.2155	87.0007262164125	76.3253449527959
645463.3.peg.2158	121.259259259259	112.518518518519
645463.3.peg.2163	77.0183852917666	82.673860911271
645463.3.peg.2167	289.438943894389	291.089108910891
645463.3.peg.2169	37.3481781376518	40.4520917678812
645463.3.peg.2170	40.9955257270694	43.9038031319911
645463.3.peg.2183	316.796536796537	329.134199134199
645463.3.peg.2187	44.2948717948718	45.6410256410256
645463.3.peg.2191	82.1985815602837	94.468085106383
645463.3.peg.221	21.7439293598234	25.3863134657837
645463.3.peg.2218	30.7533539731682	34.1589267285862
645463.3.peg.222	29.4507575757576	41.5246212121212
645463.3.peg.2222	5.68110483364721	5.02197112366604
645463.3.peg.2226	25.894538606403	28.954802259887
645463.3.peg.223	26.2135922330097	38.9967637540453
645463.3.peg.2238	5.24861878453039	6.44567219152855
645463.3.peg.2242	9.45190156599553	8.78076062639821
645463.3.peg.2243	15.5949256342957	16.5573053368329
645463.3.peg.2246	6.2043795620438	5.23114355231144
645463.3.peg.2250	1.45238095238095	0.928571428571429
645463.3.peg.2253	0.238095238095238	0.285714285714286
645463.3.peg.2254	0.632911392405063	0
645463.3.peg.2255	0.090579710144928	0.317028985507246
645463.3.peg.2256	0.174703004891684	0.069881201956674
645463.3.peg.2261	11.2087912087912	13.1868131868132
645463.3.peg.2273	20.3205128205128	17.5641025641026
645463.3.peg.2284	29.4481981981982	26.1261261261261
645463.3.peg.2288	2.32426303854875	2.66439909297052
645463.3.peg.2289	2.97619047619048	1.93452380952381
645463.3.peg.2293	51.824034334764	56.0443490701002
645463.3.peg.230	79.0414878397711	73.6051502145923
645463.3.peg.2302	16.9197396963124	15.1120751988431
645463.3.peg.2303	9.53420669577875	9.02474526928675
645463.3.peg.231	109.539473684211	108.625730994152
645463.3.peg.2316	22.578125	25
645463.3.peg.2317	15.1416122004357	15.958605664488
645463.3.peg.232	70.8449396471681	77.9015784586815
645463.3.peg.2324	0.925925925925926	1.23456790123457
645463.3.peg.2325	0.072780203784571	0.436681222707424
645463.3.peg.2326	0.232126276694522	0.32497678737233
645463.3.peg.2327	1.03056147832267	1.13717128642502
645463.3.peg.2328	0	0.33003300330033
645463.3.peg.2329	0.447427293064877	0.111856823266219
645463.3.peg.233	42.4242424242424	44.2760942760943
645463.3.peg.2334	7.10678210678211	8.2972582972583
645463.3.peg.234	35.9425962165688	41.5525114155251
645463.3.peg.235	58.0335731414868	59.7521982414069
645463.3.peg.2356	47.8228228228228	43.993993993994
645463.3.peg.236	164.223798266351	177.370633044392
645463.3.peg.2360	28.7306201550388	34.8837209302326
645463.3.peg.2361	27.3029439696106	34.5204178537512
645463.3.peg.2362	67.7254901960784	76.7450980392157
645463.3.peg.2363	88.0434782608696	111.413043478261
645463.3.peg.2364	76.0348583877996	74.0740740740741
645463.3.peg.2366	315.898617511521	313.671274961598
645463.3.peg.2367	32.8970331588133	36.0383944153578
645463.3.peg.2368	111.848958333333	152.256944444444
645463.3.peg.2369	139.007092198582	186.524822695035
645463.3.peg.237	4.12371134020619	5.55555555555556
645463.3.peg.2370	213.651238896681	240.626460963067
645463.3.peg.2371	453.087719298246	529.684210526316
645463.3.peg.2372	190.5	207.366666666667
645463.3.peg.2375	250.044682752458	269.258266309205
645463.3.peg.2376	207.912844036697	227.484709480122
645463.3.peg.2378	279.191716766867	300.100200400802
645463.3.peg.2379	246.875	269.683908045977
645463.3.peg.238	18.4807256235828	17.2902494331066
645463.3.peg.2384	40.4166666666667	42.3611111111111
645463.3.peg.2389	6.72105672105672	7.88655788655789
645463.3.peg.239	13.2616487455197	13.2616487455197
645463.3.peg.2390	5.0314465408805	4.71698113207547
645463.3.peg.2391	15.7700421940928	14.2405063291139
645463.3.peg.240	13.1605691056911	14.380081300813
645463.3.peg.2402	202.24358974359	211.217948717949
645463.3.peg.2407	3.64396654719235	3.3452807646356
645463.3.peg.2408	4.56989247311828	5.18433179723502
645463.3.peg.2409	3.16939890710382	5.02732240437159
645463.3.peg.2416	689.309056956116	781.372549019608
645463.3.peg.2417	472.395833333333	536.892361111111
645463.3.peg.2419	568.373015873016	662.698412698413
645463.3.peg.2446	15.2812762384551	15.5331654072208
645463.3.peg.2447	35.0694444444444	40.3935185185185
645463.3.peg.2456	565.531592886871	589.822171774499
645463.3.peg.2459	3.40293890177881	2.78422273781903
645463.3.peg.2463	3.7037037037037	7.40740740740741
645463.3.peg.2464	1.64835164835165	1.28205128205128
645463.3.peg.2478	0.484496124031008	0.484496124031008
645463.3.peg.2479	121.794871794872	130.7450411224
645463.3.peg.2480	181.513083048919	205.290102389078
645463.3.peg.2486	166.417910447761	174.875621890547
645463.3.peg.2487	21.4583333333333	23.1944444444444
645463.3.peg.2496	241.880341880342	271.652421652422
645463.3.peg.2516	15.1096956829441	14.0481245576787
645463.3.peg.2535	7.59117896522477	7.16709075487701
645463.3.peg.2536	3.28638497652582	2.48826291079812
645463.3.peg.2542	32.8571428571429	24.6560846560847
645463.3.peg.2546	23.3964248159832	22.7129337539432
645463.3.peg.2551	8.16249050873197	12.870159453303
645463.3.peg.2553	11.7300724637681	9.73731884057971
645463.3.peg.2560	5.7649667405765	5.69105691056911
645463.3.peg.2561	4.48207171314741	5.34528552456839
645463.3.peg.2563	11.1801242236025	16.5631469979296
645463.3.peg.2565	477.750410509031	470.730706075534
645463.3.peg.2567	48.2429718875502	47.640562248996
645463.3.peg.2569	18.8145394465097	22.4287484510533
645463.3.peg.2572	166.231884057971	163.913043478261
645463.3.peg.2583	16.0694896851249	14.6579804560261
645463.3.peg.2586	81.1086797957695	91.2837345003647
645463.3.peg.260	19.5492662473795	18.1341719077568
645463.3.peg.2602	30.8232931726908	34.136546184739
645463.3.peg.2615	2.14632325494588	2.14632325494588
645463.3.peg.2619	19.4444444444444	16.7460317460317
645463.3.peg.2620	63.5514018691589	66.1993769470405
645463.3.peg.2621	101.785714285714	110.565476190476
645463.3.peg.2630	153.655913978495	158.333333333333
645463.3.peg.2631	235.487528344671	232.993197278912
645463.3.peg.2633	95.8937198067633	105.394524959742
645463.3.peg.2635	68.3656957928803	72.0064724919094
645463.3.peg.2637	63.0565583634176	68.2310469314079
645463.3.peg.2638	65.4106280193237	77.7777777777778
645463.3.peg.2641	5.4042904290429	5.23927392739274
645463.3.peg.2642	24.7191011235955	23.876404494382
645463.3.peg.2643	27.3574561403509	25.7127192982456
645463.3.peg.2653	24.4011976047904	25.2994011976048
645463.3.peg.2654	11.3733905579399	11.2303290414878
645463.3.peg.2656	81.6155988857939	83.1940575673166
645463.3.peg.2662	40.4118404118404	43.0341055341055
645463.3.peg.2678	61.5686274509804	63.8235294117647
645463.3.peg.2699	42.5427872860636	47.2697636511817
645463.3.peg.2701	28.2079646017699	32.5589970501475
645463.3.peg.2702	39.1124871001032	46.6976264189887
645463.3.peg.2703	58.5880640465793	56.2227074235808
645463.3.peg.2716	18.1818181818182	17.4747474747475
645463.3.peg.2717	33.3847736625514	37.7057613168724
645463.3.peg.2718	22.4437627811861	21.7791411042945
645463.3.peg.2719	405.545112781955	431.234335839599
645463.3.peg.2721	48.1549815498155	48.3394833948339
645463.3.peg.2723	0.339270568278202	0.339270568278202
645463.3.peg.2726	3.06513409961686	2.55427841634738
645463.3.peg.2727	1.16104868913858	1.76029962546816
645463.3.peg.2729	829.435028248587	933.658192090395
645463.3.peg.2741	226.305220883534	240.160642570281
645463.3.peg.2743	22.5049900199601	23.1037924151697
645463.3.peg.2744	4.91183879093199	4.19815281276239
645463.3.peg.2752	26.8229166666667	25.9672619047619
645463.3.peg.2753	7.3992673992674	7.47252747252747
645463.3.peg.2756	0.578703703703704	0.925925925925926
645463.3.peg.2762	61.7357001972387	60.0591715976331
645463.3.peg.2774	121.675774134791	121.857923497268
645463.3.peg.2782	0.917065390749601	0.637958532695375
645463.3.peg.2783	1.66320166320166	2.25225225225225
645463.3.peg.2784	48.207171314741	49.5019920318725
645463.3.peg.2787	27.8183292781833	29.8053527980535
645463.3.peg.2788	103.579418344519	112.975391498881
645463.3.peg.2789	57.8780680918448	59.2636579572447
645463.3.peg.2793	35.9601449275362	39.2889492753623
645463.3.peg.2794	186.842105263158	201.656920077973
645463.3.peg.2802	124.635143023935	139.28779918272
645463.3.peg.2808	168.432671081678	168.543046357616
645463.3.peg.2818	35.5282738095238	38.6904761904762
645463.3.peg.2819	32.5365205843294	37.5166002656042
645463.3.peg.2821	41.2666666666667	40.3333333333333
645463.3.peg.2826	18.901303538175	20.7635009310987
645463.3.peg.2827	13.825424721734	14.5284124194493
645463.3.peg.2830	1198.64091559371	1247.42489270386
645463.3.peg.2831	180.202169625247	186.98224852071
645463.3.peg.2833	35.9632446134347	35.0126742712294
645463.3.peg.2835	59.9673202614379	59.4771241830065
645463.3.peg.2837	156.303418803419	163.060897435897
645463.3.peg.2840	31.1635220125786	35.9433962264151
645463.3.peg.2841	62.2347066167291	67.29088639201
645463.3.peg.2842	6.88463583200425	8.08080808080808
645463.3.peg.2845	7.542194092827	6.56645569620253
645463.3.peg.2859	0.11037527593819	0.607064017660044
645463.3.peg.2880	28.9252728799328	32.6196473551637
645463.3.peg.2886	4.36036036036036	4.3963963963964
645463.3.peg.2893	13.3647798742138	10.9276729559748
645463.3.peg.2903	7.42471443406023	7.16510903426791
645463.3.peg.2906	73.7597911227154	73.585726718886
645463.3.peg.2907	89.7359735973597	88.9438943894389
645463.3.peg.2909	125.020990764064	133.375314861461
645463.3.peg.2914	0.936329588014981	1.40449438202247
645463.3.peg.2930	2.1025641025641	1.84615384615385
645463.3.peg.2932	1.08695652173913	1.44927536231884
645463.3.peg.2932	2.92096219931271	3.09278350515464
645463.3.peg.294	29.0450928381963	28.2051282051282
645463.3.peg.2941	825	791.194968553459
645463.3.peg.2943	2022.57818459191	2107.24637681159
645463.3.peg.2944	1661.79604261796	1757.6103500761
645463.3.peg.2945	1617.94871794872	1627.5641025641
645463.3.peg.295	25.4154447702835	26.9794721407625
645463.3.peg.2969	2.80172413793103	2.58620689655172
645463.3.peg.2970	7.87159190853122	7.16798592788039
645463.3.peg.2971	7.71276595744681	7.4468085106383
645463.3.peg.2985	1.87793427230047	1.93661971830986
645463.3.peg.2989	47.4971558589306	46.13196814562
645463.3.peg.2990	61.4942528735632	57.6628352490422
645463.3.peg.2993	47.6851851851852	60.3395061728395
645463.3.peg.2994	107.380952380952	111.095238095238
645463.3.peg.3003	1.2489233419466	1.03359173126615
645463.3.peg.3004	0.326797385620915	0.65359477124183
645463.3.peg.3005	0.82051282051282	0.769230769230769
645463.3.peg.3007	1.48342059336824	1.8760907504363
645463.3.peg.3010	109.107271418287	123.182145428366
645463.3.peg.3013	108.016147635525	110.322952710496
645463.3.peg.3014	105.600358422939	106.003584229391
645463.3.peg.3015	104.984423676012	116.822429906542
645463.3.peg.3016	96.6450216450216	107.359307359307
645463.3.peg.303	1.08695652173913	0.845410628019324
645463.3.peg.3032	4.23529411764706	5.25490196078431
645463.3.peg.3033	163.679245283019	184.905660377359
645463.3.peg.304	2.30923694779116	2.51004016064257
645463.3.peg.3048	4.4543429844098	5.49368968077209
645463.3.peg.3057	0.854700854700855	0.641025641025641
645463.3.peg.3059	0.788288288288288	0.825825825825826
645463.3.peg.306	2.35173824130879	2.45398773006135
645463.3.peg.3063	1.24542124542125	0.915750915750916
645463.3.peg.3064	0.257898130238556	0.386847195357834
645463.3.peg.307	2.24867724867725	2.11640211640212
645463.3.peg.308	1.5625	2.19907407407407
645463.3.peg.3085	1.85185185185185	2.16049382716049
645463.3.peg.3086	0.282485875706215	0.141242937853107
645463.3.peg.3087	0.120192307692308	0.080128205128205
645463.3.peg.3088	0.314465408805031	0.943396226415094
645463.3.peg.3090	5.36796536796537	5.88744588744589
645463.3.peg.3091	3.99464831804281	3.87996941896024
645463.3.peg.3097	49.1306954436451	48.1714628297362
645463.3.peg.3101	4.42817294281729	4.42817294281729
645463.3.peg.3102	1.82576943140323	2.34741784037559
645463.3.peg.3105	3.41235632183908	4.13074712643678
645463.3.peg.3106	1.60314579552329	2.08711433756806
645463.3.peg.3108	57.9268292682927	50.1016260162602
645463.3.peg.3110	2.08333333333333	2.30034722222222
645463.3.peg.3111	9.03426791277259	7.78816199376947
645463.3.peg.3114	5.64853556485356	6.41562064156206
645463.3.peg.3122	14.8109965635739	16.3230240549828
645463.3.peg.3140	4.93697478991597	4.48179271708684
645463.3.peg.3141	4.22498703991706	4.45826853291861
645463.3.peg.3143	9.70735189150607	9.88579586009993
645463.3.peg.3146	10.0069013112491	10.9730848861284
645463.3.peg.3147	9.74099099099099	8.61486486486487
645463.3.peg.3150	1.21308016877637	1.55590717299578
645463.3.peg.317	7.56646216768916	6.74846625766871
645463.3.peg.319	8.47362514029181	10.1010101010101
645463.3.peg.320	5.39979231568017	5.9190031152648
645463.3.peg.321	2.28174603174603	3.24074074074074
645463.3.peg.3215	280.433101314772	307.23124516628
645463.3.peg.3216	204.305283757339	218.851924331376
645463.3.peg.3217	266.801075268817	299.596774193548
645463.3.peg.3218	151.745635910224	175.644222776392
645463.3.peg.3219	332.986111111111	397.073412698413
645463.3.peg.322	3.75375375375375	4.15415415415415
645463.3.peg.3222	0.546448087431694	0.741608118657299
645463.3.peg.3223	1.04166666666667	1.22126436781609
645463.3.peg.3226	1.65537998495109	1.91873589164786
645463.3.peg.3227	4.82954545454545	5.83964646464646
645463.3.peg.3237	52.8735632183908	51.9056261343013
645463.3.peg.3274	30.4857621440536	29.5644891122278
645463.3.peg.3276	86.9261477045908	87.9241516966068
645463.3.peg.3279	90.7949790794979	105.020920502092
645463.3.peg.3289	24.1071428571429	25.3968253968254
645463.3.peg.3291	12.8205128205128	14.957264957265
645463.3.peg.3292	11.6600790513834	15.0856389986825
645463.3.peg.3293	31.7493112947658	36.2947658402204
645463.3.peg.3295	35.5927698032961	41.4141414141414
645463.3.peg.3304	59.9307159353349	61.4703618167821
645463.3.peg.3307	12.5984251968504	14.3982002249719
645463.3.peg.3312	3.4640522875817	3.39869281045752
645463.3.peg.3313	0.96969696969697	1.6969696969697
645463.3.peg.3314	1.85185185185185	1.96078431372549
645463.3.peg.3322	12.3962040332147	11.5658362989324
645463.3.peg.3326	47.843137254902	46.6666666666667
645463.3.peg.3328	500.231124807396	492.424242424243
645463.3.peg.3330	21.09375	23.828125
645463.3.peg.3331	7.51262626262626	9.02777777777778
645463.3.peg.3332	5.43735224586288	6.50118203309693
645463.3.peg.3333	5.9375	4.375
645463.3.peg.3335	27.1766169154229	28.7935323383085
645463.3.peg.3336	76.7932489451477	85.8438818565401
645463.3.peg.3337	37.2387238723872	39.7139713971397
645463.3.peg.3339	153.037037037037	152.185185185185
645463.3.peg.334	38.2030178326475	36.2825788751715
645463.3.peg.3340	51.9278606965174	51.8345771144279
645463.3.peg.3365	118.370607028754	121.192758253461
645463.3.peg.3373	24.6620046620047	29.7668997668998
645463.3.peg.3392	4.66101694915254	4.80225988700565
645463.3.peg.34	0.758955676988464	0.455373406193078
645463.3.peg.3413	104.741624077229	119.477569562748
645463.3.peg.3414	65.9375	75.6770833333333
645463.3.peg.3421	53.2494758909853	53.7211740041929
645463.3.peg.3434	1.33565621370499	1.16144018583043
645463.3.peg.3436	2.33426704014939	2.19421101774043
645463.3.peg.3438	47.2567287784679	48.2919254658385
645463.3.peg.3439	29.4	30.6666666666667
645463.3.peg.3440	39.0176600441501	47.8476821192053
645463.3.peg.3441	30.1555104800541	34.0094658553076
645463.3.peg.3444	34.75935828877	32.9768270944742
645463.3.peg.3447	38.5057471264368	40.4761904761905
645463.3.peg.3451	19.9346405228758	19.094304388422
645463.3.peg.3452	32.2530864197531	34.8251028806584
645463.3.peg.3454	30.9333333333333	35.0666666666667
645463.3.peg.3456	21.1240310077519	21.3178294573643
645463.3.peg.3457	16.0975609756098	17.0731707317073
645463.3.peg.3458	46.8481375358166	50.1432664756447
645463.3.peg.3462	1.93602693602694	1.68350168350168
645463.3.peg.3472	7.68817204301075	7.79569892473118
645463.3.peg.3495	16.8421052631579	12.1052631578947
645463.3.peg.35	0.727802037845706	0.946142649199418
645463.3.peg.3502	134.19689119171	143.350604490501
645463.3.peg.3506	136.015325670498	143.67816091954
645463.3.peg.3507	160.286738351254	191.362007168459
645463.3.peg.3508	146.915776986951	168.920521945433
645463.3.peg.3509	128.942115768463	143.745841650033
645463.3.peg.3510	92.3076923076923	96.4285714285714
645463.3.peg.3514	270.93023255814	289.922480620155
645463.3.peg.3515	89.4736842105263	90.7894736842105
645463.3.peg.3516	298.630136986301	309.817351598174
645463.3.peg.3519	54.3650793650794	53.015873015873
645463.3.peg.3556	196.004206098843	201.051524710831
645463.3.peg.3557	254.166666666667	257.86231884058
645463.3.peg.3581	26.3415892672859	28.3797729618163
645463.3.peg.3584	117.959468902865	122.886093640811
645463.3.peg.3591	20.6382978723404	21.4184397163121
645463.3.peg.3595	194.411764705882	202.254901960784
645463.3.peg.3598	180.41504539559	198.573281452659
645463.3.peg.360	197.811131957473	199.405878674171
645463.3.peg.3601	8.89570552147239	9.04907975460123
645463.3.peg.3605	27.1995043370508	22.6765799256506
645463.3.peg.3609	166.340933767644	159.500542888165
645463.3.peg.3632	28.9522918615529	31.4468350483318
645463.3.peg.3633	28.8127853881279	28.675799086758
645463.3.peg.3634	26.9098846273776	27.7517929529155
645463.3.peg.3635	27.4425287356322	25.5747126436782
645463.3.peg.3636	36.8898186889819	39.0516039051604
645463.3.peg.3641	21.5785054575987	24.5172124265323
645463.3.peg.3642	25.137741046832	24.931129476584
645463.3.peg.3643	37.390350877193	45.0657894736842
645463.3.peg.3650	51.3824884792627	48.3870967741936
645463.3.peg.37	5.05675954592363	5.10835913312694
645463.3.peg.3700	1.10584518167457	1.4218009478673
645463.3.peg.3705	1.29310344827586	1.0536398467433
645463.3.peg.3717	1.1136712749616	1.34408602150538
645463.3.peg.3719	13.2075471698113	13.2075471698113
645463.3.peg.372	112.115621156212	108.30258302583
645463.3.peg.3720	14.4230769230769	11.3782051282051
645463.3.peg.3722	16.6191155492154	17.0233000475511
645463.3.peg.3727	142.131782945736	142.093023255814
645463.3.peg.3743	54.8556430446194	61.1111111111111
645463.3.peg.38	3.54609929078014	5.01519756838906
645463.3.peg.384	6.61213360599864	8.07770961145194
645463.3.peg.386	2.46212121212121	2.36742424242424
645463.3.peg.389	1643.04304304304	1929.57957957958
645463.3.peg.39	3.62941738299904	3.58166189111748
645463.3.peg.390	1916.08333333333	2251.04166666667
645463.3.peg.391	1355.61728395062	1614.87654320988
645463.3.peg.392	1742.01135442011	2027.77777777778
645463.3.peg.393	2370.12411347518	2725.97517730496
645463.3.peg.398	111.057173678533	118.716289104639
645463.3.peg.40	3.7261698440208	4.88157134604275
645463.3.peg.402	19.620253164557	21.1545838128117
645463.3.peg.412	0.561797752808989	0.795880149812734
645463.3.peg.418	0.375586854460094	0.187793427230047
645463.3.peg.419	0.246132208157525	0.246132208157525
645463.3.peg.42	0.645161290322581	0.10752688172043
645463.3.peg.43	1.15511551155116	1.32013201320132
645463.3.peg.44	0.32967032967033	0.366300366300366
645463.3.peg.441	2.90666666666667	3.38666666666667
645463.3.peg.46	0.230414746543779	0.153609831029186
645463.3.peg.462	212.555066079295	181.938325991189
645463.3.peg.463	1.85185185185185	2.65906932573599
645463.3.peg.464	3.71702637889688	4.79616306954437
645463.3.peg.465	3.37552742616034	4.85232067510549
645463.3.peg.466	5.53359683794466	6.91699604743083
645463.3.peg.467	5.5952380952381	7.08333333333333
645463.3.peg.47	25.8842443729903	22.8831725616291
645463.3.peg.49	17.5925925925926	17.0781893004115
645463.3.peg.50	54.2832167832168	57.488344988345
645463.3.peg.500	63.2323232323232	69.5959595959596
645463.3.peg.515	46.1290322580645	47.6344086021505
645463.3.peg.52	55.2294197031039	56.2415654520918
645463.3.peg.530	249.403874813711	274.788872329856
645463.3.peg.54	412.64245014245	446.153846153846
645463.3.peg.549	2.73892773892774	3.41880341880342
645463.3.peg.558	6.58826216031057	6.65677095227221
645463.3.peg.560	260.166666666667	252.857142857143
645463.3.peg.57	65.884476534296	76.1131167268352
645463.3.peg.58	41.010101010101	39.8989898989899
645463.3.peg.658	0.731261425959781	0.60938452163315
645463.3.peg.664	6.39423076923077	7.40384615384615
645463.3.peg.671	15.3167185877466	16.0176531671859
645463.3.peg.672	1.4989837398374	1.60060975609756
645463.3.peg.681	23.2750242954325	25.4130223517979
645463.3.peg.682	33.5839598997494	34.3149540517962
645463.3.peg.693	61.2580834803057	72.8982951205173
645463.3.peg.702	728.443649373882	846.511627906977
645463.3.peg.703	435.545023696682	501.263823064771
645463.3.peg.704	444.558991981672	516.323024054983
645463.3.peg.706	534.467120181406	618.310657596372
645463.3.peg.707	312.012987012987	375.541125541126
645463.3.peg.713	1532.01058201058	1712.83068783069
645463.3.peg.717	63.1127450980392	78.0024509803922
645463.3.peg.721	9.80769230769231	8.26923076923077
645463.3.peg.726	1.04780615586117	0.392927308447937
645463.3.peg.735	4.96323529411765	4.77941176470588
645463.3.peg.744	9.45578231292517	11.4965986394558
645463.3.peg.745	159.408602150538	161.559139784946
645463.3.peg.750	2.85204991087344	4.72370766488414
645463.3.peg.754	6.66666666666667	8.65384615384615
645463.3.peg.769	31.7204301075269	35.6989247311828
645463.3.peg.770	69.0608760207869	74.0348923533779
645463.3.peg.773	137.966101694915	131.694915254237
645463.3.peg.783	205.42328042328	223.611111111111
645463.3.peg.789	0.306372549019608	0.122549019607843
645463.3.peg.790	0.260999254287845	0.633855331841909
645463.3.peg.806	19.888178913738	21.1661341853035
645463.3.peg.807	22.8500355366027	25.2665245202559
645463.3.peg.817	440.609840609841	491.857241857242
645463.3.peg.822	44.2627206645898	47.4039460020768
645463.3.peg.823	44.6285140562249	50.0502008032129
645463.3.peg.830	71.0034013605442	84.0561224489796
645463.3.peg.844	1509.27342256214	1675.62141491396
645463.3.peg.845	1081.53021442495	1202.33918128655
645463.3.peg.846	1158.67724867725	1250.79365079365
645463.3.peg.851	1.08527131782946	1.16279069767442
645463.3.peg.852	3.33333333333333	4.84848484848485
645463.3.peg.853	5.79382994732882	4.627539503386
645463.3.peg.857	39.8387096774193	38.3333333333333
645463.3.peg.861	25.089605734767	24.910394265233
645463.3.peg.862	203.812316715543	198.582600195503
645463.3.peg.865	0.529865125240848	0.481695568400771
645463.3.peg.872	21.14556416882	25.4521963824289
645463.3.peg.873	26.3483642793988	27.7188328912467
645463.3.peg.874	32.016632016632	33.4026334026334
645463.3.peg.875	45.3726453726454	49.7133497133497
645463.3.peg.879	1.69082125603865	2.05314009661836
645463.3.peg.880	2.34741784037559	2.17136150234742
645463.3.peg.881	2.85547785547786	3.72960372960373
645463.3.peg.898	15	13.6507936507937
645463.3.peg.904	0.08605851979346	0.229489386115892
645463.3.peg.905	0.45662100456621	0.273972602739726
645463.3.peg.906	0.101626016260163	0.203252032520325
645463.3.peg.907	2.00746965452848	1.68067226890756
645463.3.peg.909	557.474466109564	683.704735376045
645463.3.peg.910	472.452229299363	574.84076433121
645463.3.peg.916	1.07296137339056	1.28755364806867
645463.3.peg.918	52.5595238095238	48.1547619047619
645463.3.peg.919	40.3460837887067	42.2586520947177
645463.3.peg.920	34.4754653130288	38.1133671742809
645463.3.peg.929	14.7707231040564	15.7407407407407
645463.3.peg.930	7.4	7
645463.3.peg.954	3.6	2.35555555555556
645463.3.peg.955	2.25641025641026	2.61538461538462
645463.3.peg.956	106.102941176471	115.147058823529
645463.3.peg.957	65.5604719764012	72.6892822025565
645463.3.peg.969	54.8403193612774	58.0838323353293
645463.3.peg.971	82.6466916354557	74.3445692883895
645463.3.peg.976	497.977132805629	612.532981530343
645463.3.peg.979	995.551378446115	1137.03007518797
645463.3.peg.980	746.45390070922	815.898345153664
645463.3.peg.981	1707.09487825357	2020.3610411419
645463.3.peg.994	40.6872852233677	39.4845360824742
645463.3.peg.998	6.40096618357488	4.58937198067633
